<?xml version="1.0" encoding="utf-8"?>
<!--
Комплект карт "AnyGIS" для навигатора Locus (https://nnngrach.github.io/map-sources/Web/Html/Locus)
Сделан на основе SAS.planet и набора карт от Erelen'a (https://melda.ru/locus/)
Составитель: AnyGIS (anygis@bk.ru)
(02.02.19)

Туристические карты и хребтовки Кавказа
-->

<providers>

	<provider id="42402" type="1" visible="true" background="-1">
		<name>Eurasia - Mountains - Кавказ</name>
		<mode>Сводная карта Кавказа 500м</mode>
		<countries>Russia</countries>
		<usage>mountains</usage>
		<url><![CDATA[https://tiles.nakarte.me/new_gsh_050k/{z}/{x}/{y}]]></url>
		<zoomPart>{z}-8</zoomPart>
		<zoomMin>13</zoomMin>
		<zoomMax>22</zoomMax> <!-- Max: 14+8 -->
		<tileSize>256</tileSize>
		<attribution><![CDATA[Map Data <a href="https://nakarte.me/#m=12/43.34466/42.41821&l=O/NT5">Nakarte.me</a>]]></attribution>
		<extraHeader><![CDATA[User-Agent#Mozilla/5.0 (Windows NT 10.0; Win64; x64) AppleWebKit/537.36 (KHTML, like Gecko) Chrome/57.0.2987.110 Safari/537.36]]></extraHeader>
		<extraHeader><![CDATA[Referer#http://tiles.nakarte.tk/]]></extraHeader>
	</provider>

</providers>
