<?xml version="1.0" encoding="utf-8"?>
<!--
Комплект карт "AnyGIS" для навигатора Locus (https://nnngrach.github.io/map-sources/Web/Html/Locus)
Сделан на основе SAS.planet и набора карт от Erelen'a (https://melda.ru/locus/)
Составитель: AnyGIS (anygis@bk.ru)
(02.02.19)

Туристические карты и хребтовки Кавказа
-->

<providers>

	<provider id="42412" type="0" visible="true" background="-1">
		<name>Eurasia - Mountains - Кавказ</name>
		<mode>Перевалы Южного Кавказа 2014</mode>
		<countries>Georgia</countries>
		<usage>mountains</usage>
		<url><![CDATA[https://anygis.herokuapp.com/Local_Kavkaz_02/{x}/{y}/{z}]]></url>
		<zoomPart>{z}-8</zoomPart>
		<zoomMin>8</zoomMin>
		<zoomMax>22</zoomMax>  <!-- Max: 14+8 -->
		<tileSize>256</tileSize>
		<attribution><![CDATA[Map Data <a href="http://www.sasgis.org/">SAS.Planet</a>]]></attribution>
	</provider>

</providers>
