<?xml version="1.0" encoding="utf-8"?>
<!--
Комплект карт "AnyGIS" для навигатора Locus (https://anygis.herokuapp.com/locus)
Сделан на основе SAS.planet и набора карт от Erelen'a (https://melda.ru/locus/)
Составитель: AnyGIS (anygis@bk.ru)
(02.02.19)

Туристические и топографические карты
-->

<providers>

	<provider id="7777001" type="0" visible="true" background="-1">
		<name>Hiking</name>
		<mode>Генштаб (Все масштабы)</mode>
		<countries>Russia</countries>
		<usage>hiking</usage>
		<url><![CDATA[https://anygis.herokuapp.com/Combo_Best_Genshtab/{x}/{y}/{z}]]></url>
		<zoomPart>{z}-8</zoomPart>
		<zoomMin>8</zoomMin>
		<zoomMax>23</zoomMax> <!-- Max: 15+8 -->
		<tileSize>256</tileSize>
		<attribution><![CDATA[© AnyGIS]]></attribution>
	</provider>

	<provider id="7777100" type="0" visible="true" background="-1">
		<name>Hiking</name>
		<mode>ГосГисЦентр (Все масштабы)</mode>
		<countries>Russia</countries>
		<usage>hiking</usage>
		<url><![CDATA[https://anygis.herokuapp.com/Combo_Best_GGC/{x}/{y}/{z}]]></url>
		<zoomPart>{z}-8</zoomPart>
		<zoomMin>8</zoomMin>
		<zoomMax>23</zoomMax> <!-- Max: 15+8 -->
		<tileSize>256</tileSize>
		<attribution><![CDATA[© AnyGIS]]></attribution>
	</provider>


<!-- Многослойная карта для пешего и горного туризма по России и ближнему зарубежью. 
https://anygis.herokuapp.com/rusoutdoor
-->

	<provider id="9999010" type="0" visible="true" background="-1">
		<name>Hiking</name>
		<mode>Russian Outdoor Maps</mode>
		<countries>Russia</countries>
		<usage>hiking</usage>
		<url><![CDATA[https://anygis.herokuapp.com/Combo_RusOutdoor/{x}/{y}/{z}]]></url>
		<zoomPart>{z}-8</zoomPart>
		<zoomMin>8</zoomMin>
		<zoomMax>30</zoomMax> 
		<tileSize>256</tileSize>
		<attribution><![CDATA[© AnyGIS]]></attribution>
	</provider>

</providers>
