<?xml version="1.0" encoding="utf-8"?>
<!--
Комплект карт "AnyGIS" для навигатора Locus (https://anygis.herokuapp.com/locus)
Сделан на основе SAS.planet и набора карт от Erelen'a (https://melda.ru/locus/)
Составитель: AnyGIS (anygis@bk.ru)
(02.02.19)

Цифровые карты на основе OpenStreenMaps
-->

<providers>

	<provider id="10202" type="0" visible="true" background="-1">
		<name>OSM</name>
		<mode>Cycle</mode>
		<countries>World</countries>
		<usage>cycle</usage>
		<url><![CDATA[https://{s}.tile.thunderforest.com/cycle/{z}/{x}/{y}.png]]></url>
		<serverPart>a;b;c</serverPart>
		<zoomPart>{z}-8</zoomPart>
		<zoomMin>8</zoomMin>
		<zoomMax>27</zoomMax> <!-- Max: 22+8 -->
		<tileSize>256</tileSize>
		<attribution><![CDATA[Map Data <a href="https://www.openstreetmap.org/">OpenStreetMap</a>, <a href="http://creativecommons.org/licenses/by-sa/2.0/">CC-BY-SA</a>]]></attribution>
		<extraHeader><![CDATA[User-Agent#Mozilla/5.0 (Windows NT 10.0; Win64; x64) AppleWebKit/537.36 (KHTML, like Gecko) Chrome/57.0.2987.110 Safari/537.36]]></extraHeader>
		<extraHeader><![CDATA[Referer#https://www.openstreetmap.org/]]></extraHeader>
	</provider>


	<provider id="10201" type="0" visible="true" background="-1">
		<name>OSM</name>
		<mode>Mapnik</mode>
		<countries>World</countries>
		<usage>city,road</usage>
		<url><![CDATA[https://{s}.tile.openstreetmap.org/{z}/{x}/{y}.png]]></url>
		<serverPart>a;b;c</serverPart>
		<zoomPart>{z}-8</zoomPart>
		<zoomMin>8</zoomMin>
		<zoomMax>27</zoomMax> <!-- Max: 19+8 -->
		<tileSize>256</tileSize>
		<attribution><![CDATA[Map Data <a href="https://www.openstreetmap.org/">OpenStreetMap</a>, <a href="http://creativecommons.org/licenses/by-sa/2.0/">CC-BY-SA</a>]]></attribution>
		<extraHeader><![CDATA[User-Agent#Mozilla/5.0 (Windows NT 10.0; Win64; x64) AppleWebKit/537.36 (KHTML, like Gecko) Chrome/57.0.2987.110 Safari/537.36]]></extraHeader>
		<extraHeader><![CDATA[Referer#https://www.openstreetmap.org/]]></extraHeader>
	</provider>


	<provider id="10204" type="0" visible="true" background="-1">
		<name>OSM</name>
		<mode>Outdoors</mode>
		<countries>World</countries>
		<usage>hiking,ski</usage>
		<url><![CDATA[https://{s}.tile.thunderforest.com/outdoors/{z}/{x}/{y}.png]]></url>
		<serverPart>a;b;c</serverPart>
		<zoomPart>{z}-8</zoomPart>
		<zoomMin>8</zoomMin>
		<zoomMax>27</zoomMax> <!-- Max: 22+8 -->
		<tileSize>256</tileSize>
		<attribution><![CDATA[Map Data <a href="https://www.openstreetmap.org/">OpenStreetMap</a>, <a href="http://creativecommons.org/licenses/by-sa/2.0/">CC-BY-SA</a>]]></attribution>
		<extraHeader><![CDATA[User-Agent#Mozilla/5.0 (Windows NT 10.0; Win64; x64) AppleWebKit/537.36 (KHTML, like Gecko) Chrome/57.0.2987.110 Safari/537.36]]></extraHeader>
		<extraHeader><![CDATA[Referer#https://www.openstreetmap.org/]]></extraHeader>
	</provider>


	<provider id="10207" type="0" visible="true" background="-1">
		<name>OSM</name>
		<mode>OpenTopoMap</mode>
		<countries>World</countries>
		<usage>hiking,ski</usage>
		<url><![CDATA[http://{s}.tile.opentopomap.org/{z}/{x}/{y}.png]]></url>
		<serverPart>a;b;c</serverPart>
		<zoomPart>{z}-8</zoomPart>
		<zoomMin>8</zoomMin>
		<zoomMax>25</zoomMax> <!-- Max: 17+8 -->
		<tileSize>256</tileSize>
		<attribution><![CDATA[Map Data <a href="https://www.openstreetmap.org/">OpenStreetMap</a>, <a href="http://creativecommons.org/licenses/by-sa/2.0/">CC-BY-SA</a>]]></attribution>
		<extraHeader><![CDATA[User-Agent#Mozilla/5.0 (Windows NT 10.0; Win64; x64) AppleWebKit/537.36 (KHTML, like Gecko) Chrome/57.0.2987.110 Safari/537.36]]></extraHeader>
		<extraHeader><![CDATA[Referer#https://opentopomap.org/]]></extraHeader>
	</provider>

	<provider id="10015" type="0" visible="true" background="-1">
        <name>OSM</name>
        <mode>4umaps.eu</mode>
        <usage>hiking</usage>
        <url><![CDATA[http://www.4umaps.eu/{z}/{x}/{y}.png]]></url>
        <zoomPart>{z}-8</zoomPart>
        <zoomMin>1</zoomMin>
        <zoomMax>28</zoomMax>
        <tileSize>256</tileSize>
        <countries>Свободные карты</countries>
        <extraHeader><![CDATA[User-Agent#Mozilla/5.0 (Windows NT 6.1; WOW64; rv:7.0.1) Gecko/20100101 Firefox/7.0.1]]></extraHeader>
        <extraHeader><![CDATA[Referer#http://maps.google.com/]]></extraHeader>
    </provider>


	
	<!-- OpenSnowMap -->

    <provider id="8888008" type="0" visible="false" background="-1">
		<name>OSM</name>
		<mode>OpenSnowMap base</mode>
		<countries>World</countries>
		<usage>ski</usage>
		<url><![CDATA[http://www.opensnowmap.org/base_snow_map/{z}/{x}/{y}.png]]></url>
		<serverPart>a;b;c</serverPart>
		<zoomPart>{z}-8</zoomPart>
		<zoomMin>8</zoomMin>
		<zoomMax>27</zoomMax> <!-- Max: 19+8 -->
		<tileSize>256</tileSize>
		<attribution><![CDATA[Map Data <a href="https://www.openstreetmap.org/">OpenStreetMap</a>, <a href="http://creativecommons.org/licenses/by-sa/2.0/">CC-BY-SA</a>]]></attribution>
		<extraHeader><![CDATA[User-Agent#Mozilla/5.0 (Windows NT 10.0; Win64; x64) AppleWebKit/537.36 (KHTML, like Gecko) Chrome/57.0.2987.110 Safari/537.36]]></extraHeader>
		<extraHeader><![CDATA[Referer#http://www.opensnowmap.org//]]></extraHeader>
	</provider>


	<provider id="8888009" type="0" visible="true" background="8888008">
		<name>OSM</name>
		<mode>OpenSnowMap </mode>
		<countries>World</countries>
		<usage>ski</usage>
		<url><![CDATA[http://www.opensnowmap.org/pistes/{z}/{x}/{y}.png]]></url>
		<zoomPart>{z}-8</zoomPart>
		<zoomMin>8</zoomMin>
		<zoomMax>27</zoomMax> <!-- Max: 19+8 -->
		<tileSize>256</tileSize>
		<attribution><![CDATA[Map Data <a href="https://www.openstreetmap.org/">OpenStreetMap</a>, <a href="http://creativecommons.org/licenses/by-sa/2.0/">CC-BY-SA</a>]]></attribution>
		<extraHeader><![CDATA[User-Agent#Mozilla/5.0 (Windows NT 10.0; Win64; x64) AppleWebKit/537.36 (KHTML, like Gecko) Chrome/57.0.2987.110 Safari/537.36]]></extraHeader>
		<extraHeader><![CDATA[Referer#http://www.opensnowmap.org//]]></extraHeader>
	</provider>


</providers>