<?xml version="1.0" encoding="utf-8"?>





<providers>

<provider id="2030005" type="0" visible="true" background="-1">
<name>Слои - Автомобильные</name>
<mode>⏹️ 🚗 = Here - Пробки</mode>
<countries>World</countries>
<usage>overlay</usage>
<cacheTimeout>0</cacheTimeout>
<url><![CDATA[http://tiles.traffic.cit.api.here.com/traffic/6.0/tiles/{z}/{x}/{y}/{ts}/png8?app_id=xWVIueSv6JL0aJ5xqTxb&app_code=djPZyynKsbTjIUDOBcHZ2g]]></url>
<serverPart></serverPart>
<zoomPart>{z}-8</zoomPart>
<zoomMin>8</zoomMin>    <!-- 0 -->
<zoomMax>27</zoomMax>   <!-- 19 -->
<tileSize>256</tileSize>
<tileScales>
    <tileScale dpi="0" multi="1" replace="256" />
    <tileScale dpi="320" multi="2" replace="512" />
</tileScales>
<extraHeader><![CDATA[Referer#https://wego.here.com/]]></extraHeader>
<extraHeader><![CDATA[User-Agent#Mozilla/5.0 (Macintosh; Intel Mac OS X 10_14_6) AppleWebKit/537.36 (KHTML, like Gecko) Chrome/77.0.3865.90 Safari/537.36]]></extraHeader>
<attribution><![CDATA[© Here <br> 	Map pack from AnyGIS.ru. <a href="https://anygis.ru/Web/Html/Changelog_ru">Check for updates</a>]]></attribution>
</provider>

</providers>