<?xml version="1.0" encoding="utf-8"?>
<!--
Комплект карт "AnyGIS" для навигатора Locus (https://nnngrach.github.io/map-sources/Web/Html/Locus)
Сделан на основе SAS.planet и набора карт от Erelen'a (https://melda.ru/locus/)
Составитель: AnyGIS (anygis@bk.ru)
(02.02.19)

Карты восточно-европейских стран
-->

<providers>

	<provider id="10808" type="1" visible="true" background="-1">
         <name>Europe - Eastern</name>
         <mode>Ukraine - Кадастровая карта</mode>
         <countries>Ukraine</countries>
         <url><![CDATA[http://map.land.gov.ua/map/dzk_overview/{z}/{x}/{y}.png]]></url>
         <zoomPart>{z}-8</zoomPart>
         <zoomMin>8</zoomMin>
         <zoomMax>30</zoomMax>
         <tileSize>256</tileSize>
		 <usage>City</usage>
		 <extraHeader><![CDATA[User-Agent#Mozilla/5.0 (Windows NT 5.1) AppleWebKit/537.36 (KHTML, like Gecko) Chrome/48.0.2564.82 Safari/537.36]]></extraHeader>
         <extraHeader><![CDATA[Referer#https://secais.dfs.de/]]></extraHeader>
    </provider>

</providers>
