<?xml version="1.0" encoding="utf-8"?>
<!--
Комплект карт "AnyGIS" для навигатора Locus (https://anygis.herokuapp.com/locus)
Сделан на основе SAS.planet и набора карт от Erelen'a (https://melda.ru/locus/)
Составитель: AnyGIS (anygis@bk.ru)
(02.02.19)

Локальные карты для водно туризма
-->

<providers>

	<provider id="42429" type="0" visible="true" background="-1">
		<name>Eurasia - Rivers</name>
		<mode>Схема реки Чусовой (Пермь. Чусовой-Новоуткинск)</mode>
		<countries>Russia</countries>
		<usage>marine</usage>
		<url><![CDATA[https://anygis.herokuapp.com/Local_River_Chusovaya/{x}/{y}/{z}]]></url>
		<zoomPart>{z}-8</zoomPart>
		<zoomMin>8</zoomMin>
		<zoomMax>22</zoomMax>  <!-- Max: 14+8 -->
		<tileSize>256</tileSize>
		<attribution><![CDATA[Map Data <a href="http://www.sasgis.org/">SAS.Planet</a>]]></attribution>
	</provider>

	<provider id="42430" type="0" visible="true" background="-1">
		<name>Eurasia - Rivers</name>
		<mode>Река Кубань от Краснодрского гидроузла до устья 1985</mode>
		<countries>Russia</countries>
		<usage>marine</usage>
		<url><![CDATA[https://anygis.herokuapp.com/Local_River_Kuban/{x}/{y}/{z}]]></url>
		<zoomPart>{z}-8</zoomPart>
		<zoomMin>8</zoomMin>
		<zoomMax>23</zoomMax>  <!-- Max: 15+8 -->
		<tileSize>256</tileSize>
		<attribution><![CDATA[Map Data <a href="http://www.sasgis.org/">SAS.Planet</a>]]></attribution>
	</provider>

	<provider id="42431" type="0" visible="true" background="-1">
		<name>Eurasia - Rivers</name>
		<mode>Речная лоция Волги и Камы 1996</mode>
		<countries>Russia</countries>
		<usage>marine</usage>
		<url><![CDATA[https://anygis.herokuapp.com/Local_River_Volga/{x}/{y}/{z}]]></url>
		<zoomPart>{z}-8</zoomPart>
		<zoomMin>8</zoomMin>
		<zoomMax>23</zoomMax>  <!-- Max: 15+8 -->
		<tileSize>256</tileSize>
		<attribution><![CDATA[Map Data <a href="http://www.sasgis.org/">SAS.Planet</a>]]></attribution>
	</provider>


</providers>
