<?xml version="1.0" encoding="utf-8"?>
<!--
Комплект карт "AnyGIS" для навигатора Locus (https://anygis.herokuapp.com/locus)
Сделан на основе SAS.planet и набора карт от Erelen'a (https://melda.ru/locus/)
Составитель: AnyGIS (anygis@bk.ru)
(02.02.19)

Туристические карты и хребтовки различных горный районов
-->

<providers>

	<provider id="42421" type="1" visible="true" background="-1">
		<name>Eurasia - Mountains - Разное</name>
		<mode>Хребтовки Завьялова</mode>
		<countries>Russia</countries>
		<usage>mountains</usage>
		<url><![CDATA[https://tiles.nakarte.me/map_hr/{z}/{x}/{y}]]></url>
		<zoomPart>{z}-8</zoomPart>
		<zoomMin>13</zoomMin>
		<zoomMax>22</zoomMax> <!-- Max: 14+8 -->
		<tileSize>256</tileSize>
		<attribution><![CDATA[Map Data <a href="http://slazav.mccme.ru/">Slazav</a>, <a href="https://nakarte.me/#m=13/42.90049/42.57508&l=O/Q/Z">Nakarte.me</a>]]></attribution>
		<extraHeader><![CDATA[User-Agent#Mozilla/5.0 (Windows NT 10.0; Win64; x64) AppleWebKit/537.36 (KHTML, like Gecko) Chrome/57.0.2987.110 Safari/537.36]]></extraHeader>
		<extraHeader><![CDATA[Referer#http://tiles.nakarte.tk/]]></extraHeader>
	</provider>

	<provider id="42422" type="0" visible="true" background="-1">
		<name>Eurasia - Mountains - Разное</name>
		<mode>Катунский и Чуйский хребты. Алтай</mode>
		<countries>Russia</countries>
		<usage>mountains</usage>
		<url><![CDATA[https://anygis.herokuapp.com/Local_Altay1/{x}/{y}/{z}]]></url>
		<zoomPart>{z}-8</zoomPart>
		<zoomMin>8</zoomMin>
		<zoomMax>23</zoomMax>  <!-- Max: 15+8 -->
		<tileSize>256</tileSize>
		<attribution><![CDATA[Map Data <a href="http://www.sasgis.org/">SAS.Planet</a>]]></attribution>
	</provider>

	<provider id="42423" type="0" visible="true" background="-1">
		<name>Eurasia - Mountains - Разное</name>
		<mode>Саяны (Ергаки - Арадан)</mode>
		<countries>Russia</countries>
		<usage>mountains</usage>
		<url><![CDATA[https://anygis.herokuapp.com/Local_Sayany1/{x}/{y}/{z}]]></url>
		<zoomPart>{z}-8</zoomPart>
		<zoomMin>8</zoomMin>
		<zoomMax>23</zoomMax> <!-- Max: 15+8 -->
		<tileSize>256</tileSize>
		<attribution><![CDATA[Map Data <a href="http://www.sasgis.org/">SAS.Planet</a>]]></attribution>
	</provider>

	<provider id="42424" type="0" visible="true" background="-1">
		<name>Eurasia - Mountains - Разное</name>
		<mode>Хребтовка Терскей-Алатау</mode>
		<countries>Russia</countries>
		<usage>mountains</usage>
		<url><![CDATA[http://map.g-utka.ru/{z}/{x}/{y}.png]]></url>
		<zoomPart>{z}-8</zoomPart>
		<zoomMin>8</zoomMin>
		<zoomMax>23</zoomMax> <!-- Max: 15+8 -->
		<tileSize>256</tileSize>
		<attribution><![CDATA[Map Data <a href="http://www.G-Utka.ru/">G-Utka.ru</a>]]></attribution>
	</provider>

	<provider id="42425" type="0" visible="true" background="-1">
		<name>Eurasia - Mountains - Разное</name>
		<mode>Киргизский хребет</mode>
		<countries>Central Asia</countries>
		<usage>mountains</usage>
		<url><![CDATA[https://anygis.herokuapp.com/Local_Kyrgiz1/{x}/{y}/{z}]]></url>
		<zoomPart>{z}-8</zoomPart>
		<zoomMin>8</zoomMin>
		<zoomMax>23</zoomMax> <!-- Max: 15+8 -->
		<tileSize>256</tileSize>
		<attribution><![CDATA[Map Data <a href="http://www.sasgis.org/">SAS.Planet</a>]]></attribution>
	</provider>

	<provider id="42426" type="0" visible="true" background="-1">
		<name>Eurasia - Mountains - Разное</name>
		<mode>Тянь-Шань и Памир</mode>
		<countries>Central Asia</countries>
		<usage>mountains</usage>
		<url><![CDATA[https://anygis.herokuapp.com/Local_Tyan_shan1/{x}/{y}/{z}]]></url>
		<zoomPart>{z}-8</zoomPart>
		<zoomMin>8</zoomMin>
		<zoomMax>23</zoomMax> <!-- Max: 15+8 -->
		<tileSize>256</tileSize>
		<attribution><![CDATA[Map Data <a href="http://www.sasgis.org/">SAS.Planet</a>]]></attribution>
	</provider>

	<provider id="42427" type="0" visible="true" background="-1">
		<name>Eurasia - Mountains - Разное</name>
		<mode>Хребет Аладаглар 2014</mode>
		<countries>Turkey</countries>
		<usage>mountains</usage>
		<url><![CDATA[https://anygis.herokuapp.com/Local_Turk1/{x}/{y}/{z}]]></url>
		<zoomPart>{z}-8</zoomPart>
		<zoomMin>8</zoomMin>
		<zoomMax>23</zoomMax> <!-- Max: 15+8 -->
		<tileSize>256</tileSize>
		<attribution><![CDATA[Map Data <a href="http://www.sasgis.org/">SAS.Planet</a>]]></attribution>
	</provider>

	<provider id="42428" type="0" visible="true" background="-1">
		<name>Eurasia - Mountains - Разное</name>
		<mode>Карпаты</mode>
		<countries>Ukraine</countries>
		<usage>mountains</usage>
		<url><![CDATA[https://anygis.herokuapp.com/Local_Karpaty/{x}/{y}/{z}]]></url>
		<zoomPart>{z}-8</zoomPart>
		<zoomMin>8</zoomMin>
		<zoomMax>23</zoomMax> <!-- Max: 15+8 -->
		<tileSize>256</tileSize>
		<attribution><![CDATA[Map Data <a href="http://www.sasgis.org/">SAS.Planet</a>]]></attribution>
	</provider>

</providers>
