<?xml version="1.0" encoding="utf-8"?>
<!--
Комплект карт "AnyGIS" для навигатора Locus (https://anygis.herokuapp.com/locus)
Сделан на основе SAS.planet и набора карт от Erelen'a (https://melda.ru/locus/)
Составитель: AnyGIS (anygis@bk.ru)
(02.02.19)

Топокарты ГосГисЦентра (ГГЦ)
-->

<providers>

	<provider id="7777100" type="0" visible="true" background="-1">
		<name>Eurasia - Hiking - Топокарты ГГЦ</name>
		<mode>ГГЦ (Все масштабы)</mode>
		<countries>Russia</countries>
		<usage>hiking</usage>
		<url><![CDATA[https://anygis.herokuapp.com/Combo_Best_GGC/{x}/{y}/{z}]]></url>
		<zoomPart>{z}-8</zoomPart>
		<zoomMin>8</zoomMin>
		<zoomMax>23</zoomMax> <!-- Max: 15+8 -->
		<tileSize>256</tileSize>
		<attribution><![CDATA[© AnyGIS]]></attribution>
	</provider>

	<provider id="7777101" type="1" visible="true" background="-1">
		<name>Eurasia - Hiking - Топокарты ГГЦ</name>
		<mode>ГосГисЦентр 2 000 м</mode>
		<countries>Russia</countries>
		<usage>hiking</usage>
		<url><![CDATA[https://tiles.nakarte.me/ggc2000/{z}/{x}/{y}]]></url>
		<zoomPart>{z}-8</zoomPart>
		<zoomMin>8</zoomMin>
		<zoomMax>23</zoomMax> <!-- Max: 15+8 -->
		<tileSize>256</tileSize>
		<attribution><![CDATA[Map Data <a href="https://nakarte.me/>Nakarte.me</a>]]></attribution>
	</provider>

	<provider id="7777102" type="1" visible="true" background="-1">
		<name>Eurasia - Hiking - Топокарты ГГЦ</name>
		<mode>ГосГисЦентр 1 000 м</mode>
		<countries>Russia</countries>
		<usage>hiking</usage>
		<url><![CDATA[https://tiles.nakarte.me/ggc1000/{z}/{x}/{y}]]></url>
		<zoomPart>{z}-8</zoomPart>
		<zoomMin>8</zoomMin>
		<zoomMax>23</zoomMax> <!-- Max: 15+8 -->
		<tileSize>256</tileSize>
		<attribution><![CDATA[Map Data <a href="https://nakarte.me/>Nakarte.me</a>]]></attribution>v
	</provider>

	<provider id="7777103" type="1" visible="true" background="-1">
		<name>Eurasia - Hiking - Топокарты ГГЦ</name>
		<mode>ГосГисЦентр 500 м</mode>
		<countries>Russia</countries>
		<usage>hiking</usage>
		<url><![CDATA[https://tiles.nakarte.me/ggc500/{z}/{x}/{y}]]></url>
		<zoomPart>{z}-8</zoomPart>
		<zoomMin>8</zoomMin>
		<zoomMax>23</zoomMax> <!-- Max: 15+8 -->
		<tileSize>256</tileSize>
		<attribution><![CDATA[Map Data <a href="https://nakarte.me/>Nakarte.me</a>]]></attribution>
	</provider>

	<provider id="7777104" type="1" visible="true" background="-1">
		<name>Eurasia - Hiking - Топокарты ГГЦ</name>
		<mode>ГосГисЦентр 250 м</mode>
		<countries>Russia</countries>
		<usage>hiking</usage>
		<url><![CDATA[https://tiles.nakarte.me/ggc250/{z}/{x}/{y}]]></url>
		<zoomPart>{z}-8</zoomPart>
		<zoomMin>8</zoomMin>
		<zoomMax>23</zoomMax> <!-- Max: 15+8 -->
		<tileSize>256</tileSize>
		<attribution><![CDATA[Map Data <a href="https://nakarte.me/>Nakarte.me</a>]]></attribution>
	</provider>

</providers>
