<?xml version="1.0" encoding="utf-8"?>
<!--
Комплект карт "AnyGIS" для навигатора Locus (https://anygis.herokuapp.com/locus)
Сделан на основе SAS.planet и набора карт от Erelen'a (https://melda.ru/locus/)
Составитель: AnyGIS (anygis@bk.ru)
(02.02.19)

Цифровые карты на основе OpenStreenMaps
-->

<providers>

	<provider id="10202" type="0" visible="true" background="-1">
		<name>Global - OSM</name>
		<mode>Cycle</mode>
		<countries>World</countries>
		<usage>cycle</usage>
		<url><![CDATA[https://{s}.tile.thunderforest.com/cycle/{z}/{x}/{y}.png]]></url>
		<serverPart>a;b;c</serverPart>
		<zoomPart>{z}-8</zoomPart>
		<zoomMin>8</zoomMin>
		<zoomMax>27</zoomMax> <!-- Max: 22+8 -->
		<tileSize>256</tileSize>
		<attribution><![CDATA[Map Data <a href="https://www.openstreetmap.org/">OpenStreetMap</a>, <a href="http://creativecommons.org/licenses/by-sa/2.0/">CC-BY-SA</a>]]></attribution>
		<extraHeader><![CDATA[User-Agent#Mozilla/5.0 (Windows NT 10.0; Win64; x64) AppleWebKit/537.36 (KHTML, like Gecko) Chrome/57.0.2987.110 Safari/537.36]]></extraHeader>
		<extraHeader><![CDATA[Referer#https://www.openstreetmap.org/]]></extraHeader>
	</provider>

	<provider id="8888011" type="0" visible="true" background="-1">
		<name>Global - OSM</name>
		<mode>Hike and Bike</mode>
		<countries>World</countries>
		<usage>cycle</usage>
		<url><![CDATA[http://toolserver.org/tiles/hikebike/{z}/{x}/{y}.png]]></url>
		<zoomPart>{z}-8</zoomPart>
		<zoomMin>8</zoomMin>
		<zoomMax>27</zoomMax> <!-- Max: 19+8 -->
		<tileSize>256</tileSize>
		<attribution><![CDATA[Map Data <a href="https://www.openstreetmap.org/">OpenStreetMap</a>, <a href="http://creativecommons.org/licenses/by-sa/2.0/">CC-BY-SA</a>]]></attribution>
		<extraHeader><![CDATA[User-Agent#Mozilla/5.0 (Windows NT 10.0; Win64; x64) AppleWebKit/537.36 (KHTML, like Gecko) Chrome/57.0.2987.110 Safari/537.36]]></extraHeader>
		<extraHeader><![CDATA[Referer#https://www.openstreetmap.org/]]></extraHeader>
	</provider>

	<provider id="10201" type="0" visible="true" background="-1">
		<name>Global - OSM</name>
		<mode>Mapnik</mode>
		<countries>World</countries>
		<usage>city,road</usage>
		<url><![CDATA[https://{s}.tile.openstreetmap.org/{z}/{x}/{y}.png]]></url>
		<serverPart>a;b;c</serverPart>
		<zoomPart>{z}-8</zoomPart>
		<zoomMin>8</zoomMin>
		<zoomMax>27</zoomMax> <!-- Max: 19+8 -->
		<tileSize>256</tileSize>
		<attribution><![CDATA[Map Data <a href="https://www.openstreetmap.org/">OpenStreetMap</a>, <a href="http://creativecommons.org/licenses/by-sa/2.0/">CC-BY-SA</a>]]></attribution>
		<extraHeader><![CDATA[User-Agent#Mozilla/5.0 (Windows NT 10.0; Win64; x64) AppleWebKit/537.36 (KHTML, like Gecko) Chrome/57.0.2987.110 Safari/537.36]]></extraHeader>
		<extraHeader><![CDATA[Referer#https://www.openstreetmap.org/]]></extraHeader>
	</provider>


<!--
Заметил, что OpenStreetMap.org периодически не грузится с российских IP. Хотя сайт, насколько я могу судить, не вснесен в список блокировок. Так что написал простенький прокси: карта загружается теперь немного медленней, но зато без перебоев.
-->

	<provider id="8888014" type="0" visible="true" background="-1">
		<name>Global - OSM</name>
		<mode>Mapnik (AnyGIS Proxy)</mode>
		<countries>World</countries>
		<usage>city,road</usage>
		<url><![CDATA[https://anygis.herokuapp.com/Osm_Mapnik_proxy/{x}/{y}/{z}]]></url>
		<zoomPart>{z}-8</zoomPart>
		<zoomMin>8</zoomMin>
		<zoomMax>27</zoomMax> <!-- Max: 19+8 -->
		<tileSize>256</tileSize>
		<attribution><![CDATA[Map Data <a href="https://www.openstreetmap.org/">OpenStreetMap</a>, <a href="http://creativecommons.org/licenses/by-sa/2.0/">CC-BY-SA</a>]]></attribution>
		<extraHeader><![CDATA[User-Agent#Mozilla/5.0 (Windows NT 10.0; Win64; x64) AppleWebKit/537.36 (KHTML, like Gecko) Chrome/57.0.2987.110 Safari/537.36]]></extraHeader>
		<extraHeader><![CDATA[Referer#http://www.opensnowmap.org//]]></extraHeader>
	</provider>


	



	<provider id="10204" type="0" visible="true" background="-1">
		<name>Global - OSM</name>
		<mode>Outdoors</mode>
		<countries>World</countries>
		<usage>hiking,ski</usage>
		<url><![CDATA[https://{s}.tile.thunderforest.com/outdoors/{z}/{x}/{y}.png]]></url>
		<serverPart>a;b;c</serverPart>
		<zoomPart>{z}-8</zoomPart>
		<zoomMin>8</zoomMin>
		<zoomMax>27</zoomMax> <!-- Max: 22+8 -->
		<tileSize>256</tileSize>
		<attribution><![CDATA[Map Data <a href="https://www.openstreetmap.org/">OpenStreetMap</a>, <a href="http://creativecommons.org/licenses/by-sa/2.0/">CC-BY-SA</a>]]></attribution>
		<extraHeader><![CDATA[User-Agent#Mozilla/5.0 (Windows NT 10.0; Win64; x64) AppleWebKit/537.36 (KHTML, like Gecko) Chrome/57.0.2987.110 Safari/537.36]]></extraHeader>
		<extraHeader><![CDATA[Referer#https://www.openstreetmap.org/]]></extraHeader>
	</provider>


	


	<provider id="10210" type="0" visible="true" background="-1">
		<name>Global - OSM</name>
		<mode>Спутник.ру</mode>
		<countries>Russia</countries>
		<usage>city,road</usage>
		<url><![CDATA[https://tilessputnik.ru/{z}/{x}/{y}.png]]></url>
		<zoomPart>{z}-8</zoomPart>
		<zoomMin>8</zoomMin>
		<zoomMax>27</zoomMax> <!-- Max: 19+8 -->
		<tileSize>256</tileSize>
		<attribution><![CDATA[© Openstreetmap, Спутник]]></attribution>
		<extraHeader><![CDATA[User-Agent#Mozilla/5.0 (Windows NT 10.0; Win64; x64) AppleWebKit/537.36 (KHTML, like Gecko) Chrome/57.0.2987.110 Safari/537.36]]></extraHeader>
		<extraHeader><![CDATA[Referer#http://maps.sputnik.ru/]]></extraHeader>
	</provider>

	<provider id="10207" type="0" visible="true" background="-1">
		<name>Global - OSM</name>
		<mode>OpenTopoMap</mode>
		<countries>World</countries>
		<usage>hiking,ski</usage>
		<url><![CDATA[http://{s}.tile.opentopomap.org/{z}/{x}/{y}.png]]></url>
		<serverPart>a;b;c</serverPart>
		<zoomPart>{z}-8</zoomPart>
		<zoomMin>8</zoomMin>
		<zoomMax>25</zoomMax> <!-- Max: 17+8 -->
		<tileSize>256</tileSize>
		<attribution><![CDATA[Map Data <a href="https://www.openstreetmap.org/">OpenStreetMap</a>, <a href="http://creativecommons.org/licenses/by-sa/2.0/">CC-BY-SA</a>]]></attribution>
		<extraHeader><![CDATA[User-Agent#Mozilla/5.0 (Windows NT 10.0; Win64; x64) AppleWebKit/537.36 (KHTML, like Gecko) Chrome/57.0.2987.110 Safari/537.36]]></extraHeader>
		<extraHeader><![CDATA[Referer#https://opentopomap.org/]]></extraHeader>
	</provider>

	<provider id="10203" type="0" visible="true" background="-1">
		<name>Global - OSM</name>
		<mode>Transport</mode>
		<countries>World</countries>
		<usage>transport</usage>
		<url><![CDATA[https://{s}.tile.thunderforest.com/transport/{z}/{x}/{y}.png]]></url>
		<serverPart>a;b;c</serverPart>
		<zoomPart>{z}-8</zoomPart>
		<zoomMin>8</zoomMin>
		<zoomMax>27</zoomMax> <!-- Max: 22+8 -->
		<tileSize>256</tileSize>
		<attribution><![CDATA[Map Data <a href="https://www.openstreetmap.org/">OpenStreetMap</a>, <a href="http://creativecommons.org/licenses/by-sa/2.0/">CC-BY-SA</a>]]></attribution>
		<extraHeader><![CDATA[User-Agent#Mozilla/5.0 (Windows NT 10.0; Win64; x64) AppleWebKit/537.36 (KHTML, like Gecko) Chrome/57.0.2987.110 Safari/537.36]]></extraHeader>
		<extraHeader><![CDATA[Referer#https://www.openstreetmap.org/]]></extraHeader>
	</provider>


	<provider id="8888002" type="0" visible="true" background="-1">
		<name>Global - OSM</name>
		<mode>ESRI Topo</mode>
		<countries>World</countries>
		<usage>hiking</usage>
		<url><![CDATA[https://services.arcgisonline.com/ArcGIS/rest/services/World_Topo_Map/MapServer/tile/{z}/{y}/{x}]]></url>
		<zoomPart>{z}-8</zoomPart>
		<zoomMin>8</zoomMin>
		<zoomMax>30</zoomMax> <!-- Max: 22+8 -->
		<tileSize>256</tileSize>
		<attribution><![CDATA[© ESRI]]></attribution>
		<extraHeader><![CDATA[User-Agent#Mozilla/5.0 (Windows NT 10.0; Win64; x64) AppleWebKit/537.36 (KHTML, like Gecko) Chrome/57.0.2987.110 Safari/537.36]]></extraHeader>
	</provider>




	<provider id="8888008" type="0" visible="false" background="-1">
		<name>Global - OSM</name>
		<mode>OpenSnowMap base</mode>
		<countries>World</countries>
		<usage>ski</usage>
		<url><![CDATA[http://www.opensnowmap.org/base_snow_map/{z}/{x}/{y}.png]]></url>
		<serverPart>a;b;c</serverPart>
		<zoomPart>{z}-8</zoomPart>
		<zoomMin>8</zoomMin>
		<zoomMax>27</zoomMax> <!-- Max: 19+8 -->
		<tileSize>256</tileSize>
		<attribution><![CDATA[Map Data <a href="https://www.openstreetmap.org/">OpenStreetMap</a>, <a href="http://creativecommons.org/licenses/by-sa/2.0/">CC-BY-SA</a>]]></attribution>
		<extraHeader><![CDATA[User-Agent#Mozilla/5.0 (Windows NT 10.0; Win64; x64) AppleWebKit/537.36 (KHTML, like Gecko) Chrome/57.0.2987.110 Safari/537.36]]></extraHeader>
		<extraHeader><![CDATA[Referer#http://www.opensnowmap.org//]]></extraHeader>
	</provider>


	<provider id="8888009" type="0" visible="true" background="8888008">
		<name>Global - OSM</name>
		<mode>Open Snow Map</mode>
		<countries>World</countries>
		<usage>ski</usage>
		<url><![CDATA[http://www.opensnowmap.org/pistes/{z}/{x}/{y}.png]]></url>
		<zoomPart>{z}-8</zoomPart>
		<zoomMin>8</zoomMin>
		<zoomMax>27</zoomMax> <!-- Max: 19+8 -->
		<tileSize>256</tileSize>
		<attribution><![CDATA[Map Data <a href="https://www.openstreetmap.org/">OpenStreetMap</a>, <a href="http://creativecommons.org/licenses/by-sa/2.0/">CC-BY-SA</a>]]></attribution>
		<extraHeader><![CDATA[User-Agent#Mozilla/5.0 (Windows NT 10.0; Win64; x64) AppleWebKit/537.36 (KHTML, like Gecko) Chrome/57.0.2987.110 Safari/537.36]]></extraHeader>
		<extraHeader><![CDATA[Referer#http://www.opensnowmap.org//]]></extraHeader>
	</provider>

	<provider id="8888012" type="0" visible="true" background="10201">
		<name>Global - OSM</name>
		<mode>Mapnik Hillshade</mode>
		<countries>World</countries>
		<usage>city,road</usage>
		<url><![CDATA[https://anygis.herokuapp.com/Osm_Mapnik_Mapbox_Hillshades/{x}/{y}/{z}]]></url>
		<zoomPart>{z}-8</zoomPart>
		<zoomMin>8</zoomMin>
		<zoomMax>27</zoomMax> <!-- Max: 19+8 -->
		<tileSize>256</tileSize>
		<attribution><![CDATA[Map Data <a href="https://www.openstreetmap.org/">OpenStreetMap</a>, <a href="http://creativecommons.org/licenses/by-sa/2.0/">CC-BY-SA</a>]]></attribution>
		<extraHeader><![CDATA[User-Agent#Mozilla/5.0 (Windows NT 10.0; Win64; x64) AppleWebKit/537.36 (KHTML, like Gecko) Chrome/57.0.2987.110 Safari/537.36]]></extraHeader>
		<extraHeader><![CDATA[Referer#http://www.opensnowmap.org//]]></extraHeader>
	</provider>

	<provider id="10015" type="0" visible="true" background="-1">
        <name>Global - OSM</name>
        <mode>4umaps.eu</mode>
        <usage>hiking</usage>
        <url><![CDATA[http://www.4umaps.eu/{z}/{x}/{y}.png]]></url>
        <zoomPart>{z}-8</zoomPart>
        <zoomMin>1</zoomMin>
        <zoomMax>28</zoomMax>
        <tileSize>256</tileSize>
        <countries>Свободные карты</countries>
        <extraHeader><![CDATA[User-Agent#Mozilla/5.0 (Windows NT 6.1; WOW64; rv:7.0.1) Gecko/20100101 Firefox/7.0.1]]></extraHeader>
        <extraHeader><![CDATA[Referer#http://maps.google.com/]]></extraHeader>
    </provider>

    <provider id="10016" type="0" visible="true" background="-1">
        <name>Global - OSM</name>
        <mode>Opnvkarte.de</mode>
        <usage>city</usage>
        <url><![CDATA[http://tile.memomaps.de/tilegen/{z}/{x}/{y}.png]]></url>
        <zoomPart>{z}-8</zoomPart>
        <zoomMin>1</zoomMin>
        <zoomMax>28</zoomMax>
        <tileSize>256</tileSize>
        <countries>Свободные карты</countries>
        <extraHeader><![CDATA[User-Agent#Mozilla/5.0 (Windows NT 6.1; WOW64; rv:7.0.1) Gecko/20100101 Firefox/7.0.1]]></extraHeader>
        <extraHeader><![CDATA[Referer#http://maps.google.com/]]></extraHeader>
    </provider>




    <!-- OpenSnowMap -->

    <provider id="8888008" type="0" visible="false" background="-1">
		<name>Global - OSM</name>
		<mode>OpenSnowMap base</mode>
		<countries>World</countries>
		<usage>ski</usage>
		<url><![CDATA[http://www.opensnowmap.org/base_snow_map/{z}/{x}/{y}.png]]></url>
		<serverPart>a;b;c</serverPart>
		<zoomPart>{z}-8</zoomPart>
		<zoomMin>8</zoomMin>
		<zoomMax>27</zoomMax> <!-- Max: 19+8 -->
		<tileSize>256</tileSize>
		<attribution><![CDATA[Map Data <a href="https://www.openstreetmap.org/">OpenStreetMap</a>, <a href="http://creativecommons.org/licenses/by-sa/2.0/">CC-BY-SA</a>]]></attribution>
		<extraHeader><![CDATA[User-Agent#Mozilla/5.0 (Windows NT 10.0; Win64; x64) AppleWebKit/537.36 (KHTML, like Gecko) Chrome/57.0.2987.110 Safari/537.36]]></extraHeader>
		<extraHeader><![CDATA[Referer#http://www.opensnowmap.org//]]></extraHeader>
	</provider>


	<provider id="8888009" type="0" visible="true" background="8888008">
		<name>Global - OSM</name>
		<mode>Open Snow Map</mode>
		<countries>World</countries>
		<usage>ski</usage>
		<url><![CDATA[http://www.opensnowmap.org/pistes/{z}/{x}/{y}.png]]></url>
		<zoomPart>{z}-8</zoomPart>
		<zoomMin>8</zoomMin>
		<zoomMax>27</zoomMax> <!-- Max: 19+8 -->
		<tileSize>256</tileSize>
		<attribution><![CDATA[Map Data <a href="https://www.openstreetmap.org/">OpenStreetMap</a>, <a href="http://creativecommons.org/licenses/by-sa/2.0/">CC-BY-SA</a>]]></attribution>
		<extraHeader><![CDATA[User-Agent#Mozilla/5.0 (Windows NT 10.0; Win64; x64) AppleWebKit/537.36 (KHTML, like Gecko) Chrome/57.0.2987.110 Safari/537.36]]></extraHeader>
		<extraHeader><![CDATA[Referer#http://www.opensnowmap.org//]]></extraHeader>
	</provider>


</providers>