<?xml version="1.0" encoding="utf-8"?>
<!--
Комплект карт "AnyGIS" для навигатора Locus (https://anygis.herokuapp.com/locus)
Сделан на основе SAS.planet и набора карт от Erelen'a (https://melda.ru/locus/)
Составитель: AnyGIS (anygis@bk.ru)
(02.02.19)

Карты для городского использования
-->

<providers>

	<provider id="10020" type="0" visible="true" background="-1">
		<name>Global - City</name>
		<mode>Google Map</mode>
		<countries>World</countries>
		<usage>city,road</usage>
		<url><![CDATA[https://mt{s}.google.com/vt/lyrs=m&hl=ru&x={x}&y={y}&z={z}]]></url>
		<serverPart>0;1</serverPart>
		<zoomPart>{z}-8</zoomPart>
		<zoomMin>8</zoomMin>
		<zoomMax>27</zoomMax> <!-- Max: 22+8 -->
		<tileSize>256</tileSize>
		<attribution><![CDATA[© Google & others]]></attribution>
		<extraHeader><![CDATA[User-Agent#Mozilla/5.0 (Windows NT 10.0; Win64; x64) AppleWebKit/537.36 (KHTML, like Gecko) Chrome/57.0.2987.110 Safari/537.36]]></extraHeader>
		<extraHeader><![CDATA[Referer#https://maps.google.com/]]></extraHeader>
	</provider>

	<provider id="8888003" type="0" visible="true" background="-1">
		<name>Global - City</name>
		<mode>Google Terrain</mode>
		<countries>World</countries>
		<usage>city,road</usage>
		<url><![CDATA[http://mt{s}.google.com/vt/lyrs=t@130,r@206000000&hl=ru&x={x}&y={y}&z={z}&s=Galileo&scale=1&hl=ru]]></url>
		<serverPart>0;1;2;3</serverPart>
		<zoomPart>{z}-8</zoomPart>
		<zoomMin>8</zoomMin>
		<zoomMax>27</zoomMax> <!-- Max: 22+8 -->
		<tileSize>256</tileSize>
		<attribution><![CDATA[© Google & others]]></attribution>
		<extraHeader><![CDATA[User-Agent#Mozilla/5.0 (Windows NT 10.0; Win64; x64) AppleWebKit/537.36 (KHTML, like Gecko) Chrome/57.0.2987.110 Safari/537.36]]></extraHeader>
		<extraHeader><![CDATA[Referer#https://maps.google.com/]]></extraHeader>
	</provider>

	<provider id="10023" type="0" visible="true" background="-1">
		<name>Global - City</name>
		<mode>Google Overlay</mode>
		<countries>World</countries>
		<usage>overlay</usage>
		<url><![CDATA[https://mt{s}.google.com/vt/lyrs=h&hl=ru&x={x}&y={y}&z={z}]]></url>
		<serverPart>0;1</serverPart>
		<zoomPart>{z}-8</zoomPart>
		<zoomMin>8</zoomMin>
		<zoomMax>27</zoomMax> <!-- Max: 20+8 -->
		<tileSize>256</tileSize>
		<attribution><![CDATA[© Google & others]]></attribution>
		<extraHeader><![CDATA[User-Agent#Mozilla/5.0 (Windows NT 10.0; Win64; x64) AppleWebKit/537.36 (KHTML, like Gecko) Chrome/57.0.2987.110 Safari/537.36]]></extraHeader>
		<extraHeader><![CDATA[Referer#https://maps.google.com/]]></extraHeader>
	</provider>

	<provider id="8888010" type="0" visible="true" background="10020">
		<name>Global - City</name>
		<mode>Google Traffic</mode>
		<countries>World</countries>
		<usage>overlay</usage>
		<url><![CDATA[http://mt{s}.google.com/vt?hl=ru&lyrs=h@159000000,traffic|seconds_into_week:-1&style=15&x={x}&y={y}&z={z}]]></url>
		<serverPart>0;1;2;3</serverPart>
		<zoomPart>{z}-8</zoomPart>
		<zoomMin>8</zoomMin>
		<zoomMax>27</zoomMax> <!-- Max: 20+8 -->
		<tileSize>256</tileSize>
		<attribution><![CDATA[© Google & others]]></attribution>
		<extraHeader><![CDATA[User-Agent#Mozilla/5.0 (Windows NT 10.0; Win64; x64) AppleWebKit/537.36 (KHTML, like Gecko) Chrome/57.0.2987.110 Safari/537.36]]></extraHeader>
		<extraHeader><![CDATA[Referer#https://maps.google.com/]]></extraHeader>
	</provider>




	<provider id="10080" type="2" visible="true" background="-1">
		<name>Global - City</name>
		<mode>Yandex Map</mode>
		<countries>World</countries>
		<usage>city,road</usage>
		<url><![CDATA[https://vec{s}.maps.yandex.net/tiles?l=map&x={x}&y={y}&z={z}&scale=1&lang=ru-RU]]></url>
		<serverPart>01;02;03;04</serverPart>
		<zoomPart>{z}-8</zoomPart>
		<zoomMin>8</zoomMin>
		<zoomMax>27</zoomMax> <!-- Max: 19+8 -->
		<tileSize>256</tileSize>
		<attribution><![CDATA[© Яндекс]]></attribution>
		<extraHeader><![CDATA[User-Agent#Mozilla/5.0 (Windows NT 10.0; Win64; x64) AppleWebKit/537.36 (KHTML, like Gecko) Chrome/57.0.2987.110 Safari/537.36]]></extraHeader>
		<extraHeader><![CDATA[Referer#https://maps.yandex.ru/]]></extraHeader>
	</provider>

	<provider id="10083" type="2" visible="true" background="-1">
		<name>Global - City</name>
		<mode>Yandex Narod</mode>
		<countries>World</countries>
		<usage>city,road</usage>
		<url><![CDATA[https://{s}.rdr.um.maps.yandex.net/?x={x}&y={y}&z={z}&l=mpmap&sl=104,210342,210370,211777,211818,211939,211993,212001,212015,212019,212026,212032,212081,212216,300024,300026,300198,300270,300285,300292,300330,300337,300344,300351,300358,300365,300372,300379,300386,300393,300400,300406,300407,300468,300472,300523,300641,300651,300661,300931,300939,300954,300969,300993,301050,301084,301125,301135,301155,301164,301183,301275,301383,301388,301494,301501,301520,301596,301676,301685,301700,301773,302053,302080,302089,302090,302107,302526,5300026,5400032,5400052,5400061,70300182,70300190]]></url>
		<serverPart>01;02;03;04</serverPart>
		<zoomPart>{z}-8</zoomPart>
		<zoomMin>8</zoomMin>
		<zoomMax>29</zoomMax> <!-- Max: 22+8 -->
		<tileSize>256</tileSize>
		<attribution><![CDATA[Народная карта © Яндекс]]></attribution>
		<extraHeader><![CDATA[User-Agent#Mozilla/5.0 (Windows NT 10.0; Win64; x64) AppleWebKit/537.36 (KHTML, like Gecko) Chrome/57.0.2987.110 Safari/537.36]]></extraHeader>
		<extraHeader><![CDATA[Referer#https://maps.yandex.ru/]]></extraHeader>
	</provider>

	<provider id="10084" type="2" visible="true" background="-1">
		<name>Global - City</name>
		<mode>Yandex Overlay</mode>
		<countries>World</countries>
		<usage>overlay</usage>
		<url><![CDATA[https://vec{s}.maps.yandex.net/tiles?l=skl&x={x}&y={y}&z={z}&lang=ru-RU]]></url>
		<serverPart>01;02;03;04</serverPart>
		<zoomPart>{z}-8</zoomPart>
		<zoomMin>8</zoomMin>
		<zoomMax>27</zoomMax> <!-- Max: 19+8 -->
		<tileSize>256</tileSize>
		<attribution><![CDATA[© Яндекс & others]]></attribution>
		<extraHeader><![CDATA[User-Agent#Mozilla/5.0 (Windows NT 10.0; Win64; x64) AppleWebKit/537.36 (KHTML, like Gecko) Chrome/57.0.2987.110 Safari/537.36]]></extraHeader>
		<extraHeader><![CDATA[Referer#https://maps.yandex.ru/]]></extraHeader>
	</provider>

	<provider id="8888007" type="0" visible="true" background="-1">
		<name>Global - City</name>
		<mode>Yandex Traffic</mode>
		<countries>World</countries>
		<usage>overlay</usage>
		<url><![CDATA[https://anygis.herokuapp.com/Yandex_traffic/{x}/{y}/{z}]]></url>
		<zoomPart>{z}-8</zoomPart>
		<zoomMin>8</zoomMin>
		<zoomMax>27</zoomMax> <!-- Max: 22+8 -->
		<tileSize>256</tileSize>
		<attribution><![CDATA[© AnyGIS]]></attribution>
		<extraHeader><![CDATA[User-Agent#Mozilla/5.0 (Windows NT 10.0; Win64; x64) AppleWebKit/537.36 (KHTML, like Gecko) Chrome/57.0.2987.110 Safari/537.36]]></extraHeader>
		<extraHeader><![CDATA[Referer#https://www.openstreetmap.org/]]></extraHeader>
	</provider>




	<provider id="12060" type="0" visible="true" background="-1">
		<name>Global - City</name>
		<mode>2GIS</mode>
		<countries>Russia</countries>
		<usage>city,road</usage>
		<url><![CDATA[https://tile{s}.maps.2gis.com/tiles?x={x}&y={y}&z={z}]]></url>
		<serverPart>0;1;2;3</serverPart>
		<zoomPart>{z}-8</zoomPart>
		<zoomMin>8</zoomMin>
		<zoomMax>26</zoomMax> <!-- Max: 18+8 -->
		<tileSize>256</tileSize>
		<attribution><![CDATA[© 2GIS]]></attribution>
		<extraHeader><![CDATA[User-Agent#Mozilla/5.0 (Windows NT 10.0; Win64; x64) AppleWebKit/537.36 (KHTML, like Gecko) Chrome/57.0.2987.110 Safari/537.36]]></extraHeader>
		<extraHeader><![CDATA[Referer#https://2gis.ru/]]></extraHeader>
	</provider>



	<provider id="8888004" type="0" visible="true" background="-1">
		<name>Global - City</name>
		<mode>Here Map</mode>
		<countries>World</countries>
		<usage>city,road</usage>
		<url><![CDATA[https://{s}.base.maps.api.here.com/maptile/2.1/maptile/newest/normal.day/{z}/{x}/{y}/256/png8?app_id=xWVIueSv6JL0aJ5xqTxb&app_code=djPZyynKsbTjIUDOBcHZ2g&lg=rus&ppi=72&pview=RUS]]></url>
		<serverPart>1;2;3;4</serverPart>
		<zoomPart>{z}-8</zoomPart>
		<zoomMin>8</zoomMin>
		<zoomMax>25</zoomMax> <!-- Max: 17+8 -->
		<tileSize>256</tileSize>
		<attribution><![CDATA[© HERE]]></attribution>
		<extraHeader><![CDATA[User-Agent#Mozilla/5.0 (Windows NT 10.0; Win64; x64) AppleWebKit/537.36 (KHTML, like Gecko) Chrome/57.0.2987.110 Safari/537.36]]></extraHeader>
		<extraHeader><![CDATA[Referer#https://wego.here.com/]]></extraHeader>
	</provider>

	<provider id="8888005" type="0" visible="true" background="-1">
		<name>Global - City</name>
		<mode>Here Terrain</mode>
		<countries>World</countries>
		<usage>city,road</usage>
		<url><![CDATA[https://{s}.aerial.maps.api.here.com/maptile/2.1/maptile/newest/terrain.day/{z}/{x}/{y}/256/png8?app_id=xWVIueSv6JL0aJ5xqTxb&app_code=djPZyynKsbTjIUDOBcHZ2g&lg=rus&ppi=72&pview=RUS]]></url>
		<serverPart>1;2;3;4</serverPart>
		<zoomPart>{z}-8</zoomPart>
		<zoomMin>8</zoomMin>
		<zoomMax>25</zoomMax> <!-- Max: 17+8 -->
		<tileSize>256</tileSize>
		<attribution><![CDATA[© HERE]]></attribution>
		<extraHeader><![CDATA[User-Agent#Mozilla/5.0 (Windows NT 10.0; Win64; x64) AppleWebKit/537.36 (KHTML, like Gecko) Chrome/57.0.2987.110 Safari/537.36]]></extraHeader>
		<extraHeader><![CDATA[Referer#https://wego.here.com/]]></extraHeader>
	</provider>

	<provider id="8888006" type="0" visible="true" background="8888004">
		<name>Global - City</name>
		<mode>Here Traffic</mode>
		<countries>World</countries>
		<usage>overlay</usage>
		<url><![CDATA[https://tiles.traffic.cit.api.here.com/traffic/6.0/tiles/{z}/{x}/{y}/256/png8?app_id=xWVIueSv6JL0aJ5xqTxb&app_code=djPZyynKsbTjIUDOBcHZ2g]]></url>
		<serverPart>1;2;3;4</serverPart>
		<zoomPart>{z}-8</zoomPart>
		<zoomMin>8</zoomMin>
		<zoomMax>25</zoomMax> <!-- Max: 17+8 -->
		<tileSize>256</tileSize>
		<attribution><![CDATA[© HERE]]></attribution>
		<extraHeader><![CDATA[User-Agent#Mozilla/5.0 (Windows NT 10.0; Win64; x64) AppleWebKit/537.36 (KHTML, like Gecko) Chrome/57.0.2987.110 Safari/537.36]]></extraHeader>
		<extraHeader><![CDATA[Referer#https://wego.here.com/]]></extraHeader>
	</provider>

</providers>
