<?xml version="1.0" encoding="utf-8"?>
<!--
Комплект карт "AnyGIS" для навигатора Locus (https://nnngrach.github.io/map-sources/Web/Html/Locus)
Сделан на основе SAS.planet и набора карт от Erelen'a (https://melda.ru/locus/)
Составитель: AnyGIS (anygis@bk.ru)
(02.02.19)

Туристические карты и хребтовки различных горный районов
-->

<providers>

	<provider id="42424" type="0" visible="true" background="-1">
		<name>Eurasia - Mountains - Разное</name>
		<mode>Хребтовка Терскей-Алатау</mode>
		<countries>Russia</countries>
		<usage>mountains</usage>
		<url><![CDATA[http://map.g-utka.ru/{z}/{x}/{y}.png]]></url>
		<zoomPart>{z}-8</zoomPart>
		<zoomMin>8</zoomMin>
		<zoomMax>23</zoomMax> <!-- Max: 15+8 -->
		<tileSize>256</tileSize>
		<attribution><![CDATA[Map Data <a href="http://www.G-Utka.ru/">G-Utka.ru</a>]]></attribution>
	</provider>

</providers>
