<?xml version="1.0" encoding="utf-8"?>
<!--
Комплект карт "AnyGIS" для навигатора Locus (https://nnngrach.github.io/map-sources/Web/Html/Locus)
Сделан на основе SAS.planet и набора карт от Erelen'a (https://melda.ru/locus/)
Составитель: AnyGIS (anygis@bk.ru)
(02.02.19)

Карты для Московской области
-->
<providers>

	<provider id="41999" type="1" visible="true" background="-1">
		<name>Eurasia - Hiking - Московская область</name>
		<mode>Карты Завьялова "ММБ"</mode>
		<countries>Russia</countries>
		<usage>hiking</usage>
		<url><![CDATA[https://tiles.nakarte.me/map_podm/{z}/{x}/{y}]]></url>
		<zoomPart>{z}-8</zoomPart>
		<zoomMin>13</zoomMin>
		<zoomMax>22</zoomMax> <!-- Max: 14+8 -->
		<tileSize>256</tileSize>
		<attribution><![CDATA[Map Data <a href="http://slazav.mccme.ru/">Slazav</a>, <a href="https://nakarte.me/#m=13/42.90049/42.57508&l=O/Q/Z">Nakarte.me</a>]]></attribution>
		<extraHeader><![CDATA[User-Agent#Mozilla/5.0 (Windows NT 10.0; Win64; x64) AppleWebKit/537.36 (KHTML, like Gecko) Chrome/57.0.2987.110 Safari/537.36]]></extraHeader>
		<extraHeader><![CDATA[Referer#http://tiles.nakarte.tk/]]></extraHeader>
	</provider>

</providers>
