<?xml version="1.0" encoding="utf-8"?>
<!--
Комплект карт "AnyGIS" для навигатора Locus (https://nnngrach.github.io/map-sources/Web/Html/Locus)
Сделан на основе SAS.planet и набора карт от Erelen'a (https://melda.ru/locus/)
Составитель: AnyGIS (anygis@bk.ru)
(02.02.19)

Летные карты
-->

<providers>

	<provider id="8888000" type="0" visible="true" background="-1">
		<name>Eurasia - Aviation</name>
		<mode>ERSI World Navigation Charts</mode>
		<countries>World</countries>
		<usage>aero</usage>
		<url><![CDATA[https://services.arcgisonline.com/arcgis/rest/services/Specialty/World_Navigation_Charts/MapServer/tile/{z}/{y}/{x}]]></url>
		<serverPart>a;b;c</serverPart>
		<zoomPart>{z}-8</zoomPart>
		<zoomMin>8</zoomMin>
		<zoomMax>18</zoomMax> <!-- Max: 10+8 -->
		<tileSize>256</tileSize>
		<extraHeader><![CDATA[User-Agent#Mozilla/5.0 (Windows NT 10.0; Win64; x64) AppleWebKit/537.36 (KHTML, like Gecko) Chrome/57.0.2987.110 Safari/537.36]]></extraHeader>
		<extraHeader><![CDATA[Referer#https://www.openstreetmap.org/]]></extraHeader>
	</provider>

</providers>
