<?xml version="1.0" encoding="utf-8"?>
<!--
Комплект карт "AnyGIS" для навигатора Locus (https://nnngrach.github.io/map-sources/Web/Html/Locus)
Сделан на основе SAS.planet и набора карт от Erelen'a (https://melda.ru/locus/)
Составитель: AnyGIS (anygis@bk.ru)
(02.02.19)

Советские топокарты (Генштаб)
-->

<providers>

	<provider id="7777000" type="0" visible="true" background="-1">
		<name>Eurasia - Hiking - Топокарты Генштаб</name>
		<mode>Маршруты.ru</mode>
		<countries>World</countries>
		<usage>hiking</usage>
		<url><![CDATA[http://maps.marshruty.ru/ml.ashx?al=1&x={x}&y={y}&z={z}]]></url>
		<zoomPart>{z}-8</zoomPart>
		<zoomMin>16</zoomMin>
		<zoomMax>23</zoomMax> <!-- Max: 15+8 -->
		<tileSize>256</tileSize>
		<extraHeader><![CDATA[User-Agent#Mozilla/5.0 (Windows NT 10.0; Win64; x64) AppleWebKit/537.36 (KHTML, like Gecko) Chrome/57.0.2987.110 Safari/537.36]]></extraHeader>
		<extraHeader><![CDATA[Referer#http://maps.marshruty.ru/]]></extraHeader>
	</provider>

</providers>
