<?xml version="1.0" encoding="utf-8"?>
<!--
Комплект карт "AnyGIS" для навигатора Locus (https://nnngrach.github.io/map-sources/Web/Html/Locus)
Сделан на основе SAS.planet и набора карт от Erelen'a (https://melda.ru/locus/)
Составитель: AnyGIS (anygis@bk.ru)
(02.02.19)

Советские топокарты (Генштаб)
-->

<providers>

	<provider id="7777010" type="0" visible="true" background="-1">
		<name>Eurasia - Hiking - Топокарты Генштаб</name>
		<mode>Генштаб 250 м</mode>
		<countries>Russia</countries>
		<usage>hiking</usage>
		<url><![CDATA[https://anygis.herokuapp.com/Locals_Genshtab_00250/{x}/{y}/{z}]]></url>
		<zoomPart>{z}-8</zoomPart>
		<zoomMin>8</zoomMin>
		<zoomMax>24</zoomMax> <!-- Max: 16+8 -->
		<tileSize>256</tileSize>
		<attribution><![CDATA[Map Data <a href="http://www.sasgis.org/">SAS.Planet</a>]]></attribution>
	</provider>

</providers>
