<?xml version="1.0" encoding="utf-8"?>
<!--
Комплект карт "AnyGIS" для навигатора Locus (https://nnngrach.github.io/map-sources/Web/Html/Locus)
Сделан на основе SAS.planet и набора карт от Erelen'a (https://melda.ru/locus/)
Составитель: AnyGIS (anygis@bk.ru)
(02.02.19)

Карты восточно-европейских стран
-->

<providers>
	
    <provider id="10804" type="0" visible="true" background="-1">
        <name>Europe - Eastern</name>
        <mode>Ukraine - Meta.ua</mode>
        <countries>Ukraine</countries>
        <url><![CDATA[http://i1.map.meta.ua/cell.php?x={x}&y={y}&scale={z}]]></url>
        <serverPart>a;b;c</serverPart>
        <zoomPart>{z}-8</zoomPart>
        <zoomMin>8</zoomMin>
        <zoomMax>28</zoomMax>
        <tileSize>256</tileSize>
		<usage>City</usage>
        <attribution><![CDATA[]]></attribution>
        <extraHeader><![CDATA[Referer#]]></extraHeader>
        <extraHeader><![CDATA[User-Agent#Mozilla/5.0 (Windows NT 6.1; Win64; x64) AppleWebKit/537.36 (KHTML, like Gecko) Chrome/55.0.2883.87 Safari/537.36]]></extraHeader>
    </provider>

</providers>
