<?xml version="1.0" encoding="utf-8"?>
<!--
Комплект карт "AnyGIS" для навигатора Locus (https://nnngrach.github.io/map-sources/Web/Html/Locus)
Сделан на основе SAS.planet и набора карт от Erelen'a (https://melda.ru/locus/)
Составитель: AnyGIS (anygis@bk.ru)
(02.02.19)

Карта Wikimapia.opg
-->

<providers>

	<provider id="12040" type="0" visible="true" background="-1">
		<name>Global - Wikimapia</name>
		<mode>Wikimapia</mode>
		<countries>World</countries>
		<usage>city,road</usage>
		<url><![CDATA[http://i{s}.wikimapia.org/?x={x}&y={y}&zoom={z}]]></url>
		<serverPart>{x}%4+({y}%4)*4</serverPart>
		<zoomPart>{z}-8</zoomPart>
		<zoomMin>8</zoomMin>
		<zoomMax>30</zoomMax> <!-- Max: 22+8 -->
		<tileSize>256</tileSize>
		<attribution><![CDATA[<a href="http://wikimapia.org/">Wikimapia CC-BY-SA</a>]]></attribution>
		<extraHeader><![CDATA[User-Agent#Mozilla/5.0 (Windows NT 10.0; Win64; x64) AppleWebKit/537.36 (KHTML, like Gecko) Chrome/57.0.2987.110 Safari/537.36]]></extraHeader>
		<extraHeader><![CDATA[Referer#http://wikimapia.org/]]></extraHeader>
	</provider>


</providers>
