<?xml version="1.0" encoding="utf-8"?>
<!--
Комплект карт "AnyGIS" для навигатора Locus (https://nnngrach.github.io/map-sources/Web/Html/Locus)
Сделан на основе SAS.planet и набора карт от Erelen'a (https://melda.ru/locus/)
Составитель: AnyGIS (anygis@bk.ru)
(02.02.19)

Морские карты
-->

<providers>

	<!-- Open Sea Map: -->

	<!-- Фон - OSM Mapnik -->
	<!-- Загружаю через прокси. Часто недостопен из России. -->

	<provider id="9999016" type="0" visible="false" background="-1">
		<name>Global - OSM</name>
		<mode>Mapnik (AnyGIS Proxy)</mode>
		<countries>World</countries>
		<usage>city,road</usage>
		<url><![CDATA[https://anygis.herokuapp.com/Osm_Mapnik_proxy/{x}/{y}/{z}]]></url>
		<zoomPart>{z}-8</zoomPart>
		<zoomMin>8</zoomMin>
		<zoomMax>27</zoomMax> <!-- Max: 19+8 -->
		<tileSize>256</tileSize>
		<attribution><![CDATA[Map Data <a href="https://www.openstreetmap.org/">OpenStreetMap</a>, <a href="http://creativecommons.org/licenses/by-sa/2.0/">CC-BY-SA</a>]]></attribution>
		<extraHeader><![CDATA[User-Agent#Mozilla/5.0 (Windows NT 10.0; Win64; x64) AppleWebKit/537.36 (KHTML, like Gecko) Chrome/57.0.2987.110 Safari/537.36]]></extraHeader>
		<extraHeader><![CDATA[Referer#http://www.opensnowmap.org//]]></extraHeader>
	</provider>


	

	<!-- Слой - Метки с кораблями -->

	<provider id="9999002" type="0" visible="false" background="9999016">
		<name>Global - Water</name>
		<mode>Okean Traffic</mode>
		<countries>World</countries>
		<usage>marine</usage>
		<url><![CDATA[https://tiles.marinetraffic.com/ais_helpers/shiptilesingle.aspx?output=png&sat=1&grouping=shiptype&tile_size=256&legends=1&zoom={z}&X={x}&Y={y}]]></url>
		<serverPart>a;b;c</serverPart>
		<zoomPart>{z}-8</zoomPart>
		<zoomMin>8</zoomMin>
		<zoomMax>27</zoomMax> <!-- Max: 19+8 -->
		<tileSize>256</tileSize>
		<attribution><![CDATA[Map Data <a href="https://www.openstreetmap.org/">OpenStreetMap</a>, <a href="http://creativecommons.org/licenses/by-sa/2.0/">CC-BY-SA</a>]]></attribution>
		<extraHeader><![CDATA[User-Agent#Mozilla/5.0 (Windows NT 10.0; Win64; x64) AppleWebKit/537.36 (KHTML, like Gecko) Chrome/57.0.2987.110 Safari/537.36]]></extraHeader>
		<extraHeader><![CDATA[Referer#https://www.openstreetmap.org/]]></extraHeader>
	</provider>



	<!-- Слой - Метки для морской навигации -->

	<!-- Результирующий слой: с метками кораблей -->

	<provider id="9999006" type="0" visible="true" background="9999002">
		<name>Global - Water</name>
		<mode>Open Sea Map + Traffic</mode>
		<countries>World</countries>
		<usage>marine</usage>
		<url><![CDATA[http://tiles.openseamap.org/seamark/{z}/{x}/{y}.png]]></url>
		<serverPart>a;b;c</serverPart>
		<zoomPart>{z}-8</zoomPart>
		<zoomMin>8</zoomMin>
		<zoomMax>27</zoomMax> <!-- Max: 19+8 -->
		<tileSize>256</tileSize>
		<attribution><![CDATA[Map Data <a href="https://www.openstreetmap.org/">OpenStreetMap</a>, <a href="http://creativecommons.org/licenses/by-sa/2.0/">CC-BY-SA</a>]]></attribution>
		<extraHeader><![CDATA[User-Agent#Mozilla/5.0 (Windows NT 10.0; Win64; x64) AppleWebKit/537.36 (KHTML, like Gecko) Chrome/57.0.2987.110 Safari/537.36]]></extraHeader>
		<extraHeader><![CDATA[Referer#https://www.openstreetmap.org/]]></extraHeader>
	</provider>

</providers>
