<?xml version="1.0" encoding="UTF-8"?>

<!--
Комплект карт "AnyGIS" для навигатора Locus (https://nnngrach.github.io/map-sources/Web/Html/Locus)
Сделан на основе SAS.planet и набора карт от Erelen'a (https://melda.ru/locus/)
Составитель: AnyGIS (anygis@bk.ru)
(02.02.19)

Спутниковые карты
-->

<providers>

	<provider id="10022" type="0" visible="true" background="-1">
		<name>Global - Satellites</name>
		<mode>Google Hybrid</mode>
		<countries>World</countries>
		<usage>photo</usage>
		<url><![CDATA[https://mt{s}.google.com/vt/lyrs=y&hl=ru&x={x}&y={y}&z={z}]]></url>
		<serverPart>0;1</serverPart>
		<zoomPart>{z}-8</zoomPart>
		<zoomMin>8</zoomMin>
		<zoomMax>27</zoomMax> <!-- Max: 20+8 -->
		<tileSize>256</tileSize>
		<attribution><![CDATA[© Google & others]]></attribution>
		<extraHeader><![CDATA[User-Agent#Mozilla/5.0 (Windows NT 10.0; Win64; x64) AppleWebKit/537.36 (KHTML, like Gecko) Chrome/57.0.2987.110 Safari/537.36]]></extraHeader>
		<extraHeader><![CDATA[Referer#https://maps.google.com/]]></extraHeader>
	</provider>

</providers>