<?xml version="1.0" encoding="utf-8"?>
<!--
Комплект карт "AnyGIS" для навигатора Locus (https://nnngrach.github.io/map-sources/Web/Html/Locus)
Сделан на основе SAS.planet и набора карт от Erelen'a (https://melda.ru/locus/)
Составитель: AnyGIS (anygis@bk.ru)
(02.02.19)

Карты для городского использования
-->

<providers>

	<provider id="12060" type="0" visible="true" background="-1">
		<name>Global - City</name>
		<mode>2GIS</mode>
		<countries>Russia</countries>
		<usage>city,road</usage>
		<url><![CDATA[https://tile{s}.maps.2gis.com/tiles?x={x}&y={y}&z={z}]]></url>
		<serverPart>0;1;2;3</serverPart>
		<zoomPart>{z}-8</zoomPart>
		<zoomMin>8</zoomMin>
		<zoomMax>26</zoomMax> <!-- Max: 18+8 -->
		<tileSize>256</tileSize>
		<attribution><![CDATA[© 2GIS]]></attribution>
		<extraHeader><![CDATA[User-Agent#Mozilla/5.0 (Windows NT 10.0; Win64; x64) AppleWebKit/537.36 (KHTML, like Gecko) Chrome/57.0.2987.110 Safari/537.36]]></extraHeader>
		<extraHeader><![CDATA[Referer#https://2gis.ru/]]></extraHeader>
	</provider>

</providers>
