<?xml version="1.0" encoding="UTF-8"?>

<!--
Комплект карт "AnyGIS" для навигатора Locus (https://nnngrach.github.io/map-sources/Web/Html/Locus)
Сделан на основе SAS.planet и набора карт от Erelen'a (https://melda.ru/locus/)
Составитель: AnyGIS (anygis@bk.ru)
(02.02.19)

Спутниковые карты
-->

<providers>

	<provider id="10600" type="5" visible="true" background="-1">
		<name>Global - Satellites</name>
		<mode>Bing</mode>
		<countries>World</countries>
		<usage>photo</usage>
		<url><![CDATA[https://t0.ssl.ak.tiles.virtualearth.net/tiles/a{c}.jpeg?g=0]]></url>
		<serverPart>0;1;2;3</serverPart>
		<zoomPart>{z}-8</zoomPart>
		<zoomMin>8</zoomMin>
		<zoomMax>27</zoomMax> <!-- Max: 19+8 -->
		<tileSize>256</tileSize>
		<attribution><![CDATA[© Microsoft | <a href="http://go.microsoft.com/fwlink/?LinkId=74170">Privacy</a> | <a href="http://g.msn.com/0TO_/enww">Legal</a>]]></attribution>
		<extraHeader><![CDATA[User-Agent#Mozilla/5.0 (Windows NT 10.0; Win64; x64) AppleWebKit/537.36 (KHTML, like Gecko) Chrome/57.0.2987.110 Safari/537.36]]></extraHeader>
		<extraHeader><![CDATA[Referer#https://www.bing.com/mapspreview]]></extraHeader>
	</provider>

</providers>