<?xml version="1.0" encoding="utf-8"?>
<!--
Комплект карт "AnyGIS" для навигатора Locus (https://nnngrach.github.io/map-sources/Web/Html/Locus)
Сделан на основе SAS.planet и набора карт от Erelen'a (https://melda.ru/locus/)
Составитель: AnyGIS (anygis@bk.ru)
(02.02.19)

Морские карты
-->

<providers>

	<provider id="8888001" type="0" visible="true" background="-1">
		<name>Global - Water</name>
		<mode>ESRI Ocean</mode>
		<countries>World</countries>
		<usage>marine</usage>
		<url><![CDATA[https://services.arcgisonline.com/arcgis/rest/services/Ocean/World_Ocean_Base/MapServer/tile/{z}/{y}/{x}]]></url>
		<zoomPart>{z}-8</zoomPart>
		<zoomMin>8</zoomMin>
		<zoomMax>24</zoomMax> <!-- Max: 16+8 -->
		<tileSize>256</tileSize>
		<attribution><![CDATA[© ESRI]]></attribution>
		<extraHeader><![CDATA[User-Agent#Mozilla/5.0 (Windows NT 10.0; Win64; x64) AppleWebKit/537.36 (KHTML, like Gecko) Chrome/57.0.2987.110 Safari/537.36]]></extraHeader>
	</provider>

	
</providers>
