<?xml version="1.0" encoding="UTF-8"?>

<!--
Комплект карт "AnyGIS" для навигатора Locus (https://nnngrach.github.io/map-sources/Web/Html/Locus)
Сделан на основе SAS.planet и набора карт от Erelen'a (https://melda.ru/locus/)
Составитель: AnyGIS (anygis@bk.ru)
(02.02.19)

Спутниковые карты
-->

<providers>

<!-- 
Карта меняется в зависимости от зума в следующем порядке:
Ersi - Yandex - Google
-->

	<provider id="9999007" type="0" visible="true" background="-1">
		<name>Global - Satellites</name>
		<mode>All Satellites</mode>
		<countries>World</countries>
		<usage>photo</usage>
		<url><![CDATA[https://anygis.herokuapp.com/Combo_All_Satellites/{x}/{y}/{z}]]></url>
		<zoomPart>{z}-8</zoomPart>
		<zoomMin>8</zoomMin>
		<zoomMax>30</zoomMax> <!-- Max: 22+8 -->
		<tileSize>256</tileSize>
		<attribution><![CDATA[© AnyGIS]]></attribution>
		<extraHeader><![CDATA[User-Agent#Mozilla/5.0 (Windows NT 10.0; Win64; x64) AppleWebKit/537.36 (KHTML, like Gecko) Chrome/57.0.2987.110 Safari/537.36]]></extraHeader>
		<extraHeader><![CDATA[Referer#https://www.openstreetmap.org/]]></extraHeader>
	</provider>

</providers>