<?xml version="1.0" encoding="UTF-8"?>

<!--
Комплект карт "AnyGIS" для навигатора Locus (https://nnngrach.github.io/map-sources/Web/Html/Locus)
Сделан на основе SAS.planet и набора карт от Erelen'a (https://melda.ru/locus/)
Составитель: AnyGIS (anygis@bk.ru)
(02.02.19)

Спутниковые карты
-->

<providers>

	<provider id="10615" type="0" visible="true" background="-1">
		<name>Global - Satellites</name>
		<mode>MapBox</mode>
		<countries>World</countries>
		<usage>photo</usage>
		<url><![CDATA[https://{s}.tiles.mapbox.com/v3/tmcw.map-j5fsp01s/{z}/{x}/{y}.png]]></url>
		<serverPart>a;b;c</serverPart>
		<zoomPart>{z}-8</zoomPart>
		<zoomMin>8</zoomMin>
		<zoomMax>25</zoomMax> <!-- Max: 17+8 -->
		<tileSize>256</tileSize>
		<attribution><![CDATA[© MapBox]]></attribution>
		<extraHeader><![CDATA[User-Agent#Mozilla/5.0 (Windows NT 10.0; Win64; x64) AppleWebKit/537.36 (KHTML, like Gecko) Chrome/57.0.2987.110 Safari/537.36]]></extraHeader>
	</provider>

</providers>