<?xml version="1.0" encoding="utf-8"?>
<!--
Комплект карт "AnyGIS" для навигатора Locus (https://nnngrach.github.io/map-sources/Web/Html/Locus)
Сделан на основе SAS.planet и набора карт от Erelen'a (https://melda.ru/locus/)
Составитель: AnyGIS (anygis@bk.ru)
(02.02.19)

Карты для городского использования
-->

<providers>

	<provider id="10084" type="2" visible="true" background="-1">
		<name>Overlay</name>
		<mode>Yandex Labels</mode>
		<countries>World</countries>
		<usage>overlay</usage>
		<url><![CDATA[https://vec{s}.maps.yandex.net/tiles?l=skl&x={x}&y={y}&z={z}&lang=ru-RU]]></url>
		<serverPart>01;02;03;04</serverPart>
		<zoomPart>{z}-8</zoomPart>
		<zoomMin>8</zoomMin>
		<zoomMax>27</zoomMax> <!-- Max: 19+8 -->
		<tileSize>256</tileSize>
		<attribution><![CDATA[© Яндекс & others]]></attribution>
		<extraHeader><![CDATA[User-Agent#Mozilla/5.0 (Windows NT 10.0; Win64; x64) AppleWebKit/537.36 (KHTML, like Gecko) Chrome/57.0.2987.110 Safari/537.36]]></extraHeader>
		<extraHeader><![CDATA[Referer#https://maps.yandex.ru/]]></extraHeader>
	</provider>

</providers>
