<?xml version="1.0" encoding="utf-8"?>

<!--
Map pack from AnyGIS.ru
Updated: 01-03-2020 14:10
-->




<providers>

<provider id="1020010" type="0" visible="true" background="-1">
<name>Городские</name>
<mode>OSM Kosmosnimki</mode>
<countries>World</countries>
<usage>city</usage>
<cacheTimeout>720</cacheTimeout>
<url><![CDATA[http://{s}.tile.osm.kosmosnimki.ru/kosmo/{z}/{x}/{y}.png]]></url>
<serverPart>a;b;c</serverPart>
<zoomPart>{z}-8</zoomPart>
<zoomMin>8</zoomMin>    <!-- 0 -->
<zoomMax>25</zoomMax>   <!-- 17 -->
<tileSize>256</tileSize>

<extraHeader><![CDATA[User-Agent#Mozilla/5.0 (Macintosh; Intel Mac OS X 10_14_6) AppleWebKit/537.36 (KHTML, like Gecko) Chrome/77.0.3865.90 Safari/537.36]]></extraHeader>
<attribution><![CDATA[© OpenStreetMap, Kosmosnimki <br> 	Map pack from AnyGIS.ru. <a href="https://anygis.ru/Web/Html/Changelog_ru">Check for updates</a>]]></attribution>
</provider>

</providers>