<?xml version="1.0" encoding="utf-8"?>





<providers>

<provider id="1054101" type="0" visible="true" background="-1">
<name>Туристические</name>
<mode>🥾 = 🇧🇾 - ГШ векторный</mode>
<countries>Belarus</countries>
<usage>hiking</usage>
<cacheTimeout>99999</cacheTimeout>
<url><![CDATA[https://globus.tut.by/.tiles/ev/Z{z}/{y}/{x}.png]]></url>
<serverPart></serverPart>
<zoomPart>{z}-8</zoomPart>
<zoomMin>13</zoomMin>    <!-- 5 -->
<zoomMax>22</zoomMax>   <!-- 14 -->
<tileSize>256</tileSize>

<extraHeader><![CDATA[Referer#https://orda.of.by/.map/?53.897044,27.482894&m=ev/13]]></extraHeader>
<extraHeader><![CDATA[User-Agent#Mozilla/5.0 (Macintosh; Intel Mac OS X 10_14_6) AppleWebKit/537.36 (KHTML, like Gecko) Chrome/77.0.3865.90 Safari/537.36]]></extraHeader>
<attribution><![CDATA[  <br> 	Map pack from AnyGIS.ru. <a href="https://anygis.ru/Web/Html/Changelog_ru">Check for updates</a>]]></attribution>
</provider>

</providers>