<?xml version="1.0" encoding="utf-8"?>

<!--
Map pack from AnyGIS.ru
Updated: 01-03-2020 14:10
-->




<providers>

<provider id="2081517" type="2" visible="true" background="-1">
<name>Слои - Справочные - Евразия - Сотовые</name>
<mode>Билайн - 4G</mode>
<countries>Russia</countries>
<usage>overlay</usage>
<cacheTimeout>8760</cacheTimeout>
<url><![CDATA[https://static.beeline.ru/upload/tiles/3G/current/{z}/{x}/{y}.png]]></url>
<serverPart></serverPart>
<zoomPart>{z}-8</zoomPart>
<zoomMin>11</zoomMin>    <!-- 3 -->
<zoomMax>21</zoomMax>   <!-- 13 -->
<tileSize>256</tileSize>

<extraHeader><![CDATA[Referer#https://moskva.beeline.ru/customers/beeline-map/?lat=55.75999999999371&lon=37.6317&zoom=12]]></extraHeader>
<extraHeader><![CDATA[User-Agent#Mozilla/5.0 (Macintosh; Intel Mac OS X 10_14_6) AppleWebKit/537.36 (KHTML, like Gecko) Chrome/77.0.3865.90 Safari/537.36]]></extraHeader>
<attribution><![CDATA[© Билайн <br> 	Map pack from AnyGIS.ru. <a href="https://anygis.ru/Web/Html/Changelog_ru">Check for updates</a>]]></attribution>
</provider>

</providers>