<?xml version="1.0" encoding="utf-8"?>





<providers>

<provider id="2090101" type="0" visible="true" background="-1">
<name>Слои - Инфраструктура</name>
<mode>⏹️ 🚥 =🇷🇺- OSM Лэп для ЦФО и СЗО</mode>
<countries>Russia</countries>
<usage>overlay</usage>
<cacheTimeout>720</cacheTimeout>
<url><![CDATA[http://omen98.nextgis.com/api/resource/9/wms?request=GetMap&layers=MSK_lines&styles=&format=image/png&transparent=true&version=1.1.1&dpimode=7&width=256&height=256&srs=EPSG:3857&bbox={bbox}
?locusScale={ts}]]></url>
<serverPart></serverPart>
<zoomPart>{z}-8</zoomPart>
<zoomMin>8</zoomMin>    <!-- 0 -->
<zoomMax>26</zoomMax>   <!-- 18 -->
<tileSize>256</tileSize>
<tileScales>
    <tileScale dpi="0" multi="2" replace="" />
</tileScales>
<extraHeader><![CDATA[Referer#https://anygis.ru/]]></extraHeader>
<extraHeader><![CDATA[User-Agent#Mozilla/5.0 (Macintosh; Intel Mac OS X 10_14_6) AppleWebKit/537.36 (KHTML, like Gecko) Chrome/77.0.3865.90 Safari/537.36]]></extraHeader>
<attribution><![CDATA[© OpenStreetMap <br> 	Map pack from AnyGIS.ru. <a href="https://anygis.ru/Web/Html/Changelog_ru">Check for updates</a>]]></attribution>
</provider>

</providers>