<?xml version="1.0" encoding="utf-8"?>

<!--
Map pack from AnyGIS.ru
Updated: 01-03-2020 20:56
-->




<providers>

<provider id="2081543" type="2" visible="true" background="-1">
<name>Слои - Справочные - Евразия - Сотовые</name>
<mode>Тинькофф - 3G</mode>
<countries>Russia</countries>
<usage>overlay</usage>
<cacheTimeout>8760</cacheTimeout>
<url><![CDATA[https://mobilestatic.tinkoff.ru/coverage/3g/{z}/{x}/{y}.png]]></url>
<serverPart></serverPart>
<zoomPart>{z}-8</zoomPart>
<zoomMin>11</zoomMin>    <!-- 3 -->
<zoomMax>20</zoomMax>   <!-- 12 -->
<tileSize>256</tileSize>

<extraHeader><![CDATA[Referer#https://www.tinkoff.ru/mobile-operator/coverage]]></extraHeader>
<extraHeader><![CDATA[User-Agent#Mozilla/5.0 (Macintosh; Intel Mac OS X 10_14_6) AppleWebKit/537.36 (KHTML, like Gecko) Chrome/77.0.3865.90 Safari/537.36]]></extraHeader>
<attribution><![CDATA[© Тинькофф Мобайл <br> 	Map pack from AnyGIS.ru. <a href="https://anygis.ru/Web/Html/Changelog_ru">Check for updates</a>]]></attribution>
</provider>

</providers>