<?xml version="1.0" encoding="utf-8"?>

<!--
Map pack from AnyGIS.ru
Updated: 29-02-2020 21:16
-->




<providers>

<provider id="1010005" type="0" visible="true" background="-1">
<name>Спутниковые</name>
<mode>Google</mode>
<countries>World</countries>
<usage>photo</usage>
<cacheTimeout>2160</cacheTimeout>
<url><![CDATA[http://mt{s}.google.com/vt/lyrs=s@176103410&x={x}&y={y}&z={z}&s=Galileo&hl=en]]></url>
<serverPart>0;1;2;3</serverPart>
<zoomPart>{z}-8</zoomPart>
<zoomMin>8</zoomMin>    <!-- 0 -->
<zoomMax>28</zoomMax>   <!-- 20 -->
<tileSize>256</tileSize>

<extraHeader><![CDATA[Referer#https://www.google.com/maps/]]></extraHeader>
<extraHeader><![CDATA[User-Agent#Mozilla/5.0 (Macintosh; Intel Mac OS X 10_14_6) AppleWebKit/537.36 (KHTML, like Gecko) Chrome/77.0.3865.90 Safari/537.36]]></extraHeader>
<attribution><![CDATA[© Google & others <br> 	Map pack from AnyGIS.ru. <a href="https://anygis.ru/Web/Html/Changelog_ru">Check for updates</a>]]></attribution>
</provider>

</providers>