<?xml version="1.0" encoding="utf-8"?>





<providers>

<provider id="1011001" type="0" visible="true" background="-1">
<name>Спутниковые - Евразия</name>
<mode>🛰 = 🌍 - Космоснимки.ру</mode>
<countries>World</countries>
<usage>photo</usage>
<cacheTimeout>2160</cacheTimeout>
<url><![CDATA[https://maps.kosmosnimki.ru/TileSender.ashx?ModeKey=tile&ftc=osm&z={z}&x={x}&y={y}&srs=3857&sw=1&LayerName=C9458F2DCB754CEEACC54216C7D1EB0A&key=N%2BAz7iqqkgEre1TcrZ09kjGG7KYIRZb8VI6E3K5EhXugkv3rRQMm2Zc74w7S1ILt0QU8kCiQdHlUr%2BRksXWYs3QZhT%2B1yvc35G58bgSaKRQ%3D]]></url>
<serverPart>a;b;c;d</serverPart>
<zoomPart>{z}-8</zoomPart>
<zoomMin>8</zoomMin>    <!-- 0 -->
<zoomMax>25</zoomMax>   <!-- 17 -->
<tileSize>256</tileSize>

<extraHeader><![CDATA[Referer#https://kosmosnimki.ru/]]></extraHeader>
<extraHeader><![CDATA[User-Agent#Mozilla/5.0 (Macintosh; Intel Mac OS X 10_14_6) AppleWebKit/537.36 (KHTML, like Gecko) Chrome/77.0.3865.90 Safari/537.36]]></extraHeader>
<attribution><![CDATA[© Kosmosnimki <br> 	Map pack from AnyGIS.ru. <a href="https://anygis.ru/Web/Html/Changelog_ru">Check for updates</a>]]></attribution>
</provider>

</providers>