<?xml version="1.0" encoding="utf-8"?>

<!--
Map pack from AnyGIS.ru
Updated: 03-09-2019 17:19
-->




<providers>

<provider id="428002" type="0" visible="true" background="-1">
<name>Евразия - Лётные</name>
<mode>ERSI World Navigation Charts</mode>
<countries>World</countries>
<usage>aero</usage>
<url><![CDATA[https://services.arcgisonline.com/arcgis/rest/services/Specialty/World_Navigation_Charts/MapServer/tile/{z}/{y}/{x}]]></url>
<serverPart></serverPart>
<zoomPart>{z}-8</zoomPart>
<zoomMin>8</zoomMin>    <!-- 0 -->
<zoomMax>18</zoomMax>   <!-- 10 -->
<tileSize>256</tileSize>
<extraHeader><![CDATA[User-Agent#Mozilla/5.0 (Windows NT 10.0; Win64; x64) AppleWebKit/537.36 (KHTML, like Gecko) Chrome/57.0.2987.110 Safari/537.36]]></extraHeader>
<attribution><![CDATA[Map pack from AnyGIS.r. <a href="https://anygis.ru/Web/Html/Changelog_ru">Check for updates</a>]]></attribution>
</provider>

</providers>