<?xml version="1.0" encoding="utf-8"?>

<!--
Map pack from AnyGIS.ru
Updated: 08-10-2019 10:55
-->




<providers>

<provider id="190006" type="0" visible="true" background="-1">
<name>Евразия - Водные</name>
<mode>Речная лоция Волги и Камы 1996 (gmap.camapka.ru)</mode>
<countries>Russia</countries>
<usage>nautical</usage>
<cacheTimeout>99999</cacheTimeout>
<url><![CDATA[https://anygis.ru/api/v1/Local_River_Volga/{x}/{y}/{z}]]></url>
<serverPart></serverPart>
<zoomPart>{z}-8</zoomPart>
<zoomMin>15</zoomMin>    <!-- 7 -->
<zoomMax>23</zoomMax>   <!-- 15 -->
<tileSize>256</tileSize>

<extraHeader><![CDATA[Referer#https://gmap.camapka.ru/]]></extraHeader>
<extraHeader><![CDATA[User-Agent#Mozilla/5.0 (Macintosh; Intel Mac OS X 10_14_6) AppleWebKit/537.36 (KHTML, like Gecko) Chrome/77.0.3865.90 Safari/537.36]]></extraHeader>
<attribution><![CDATA[  <br> 	Map pack from AnyGIS.ru. <a href="https://anygis.ru/Web/Html/Changelog_ru">Check for updates</a>]]></attribution>
</provider>

</providers>