<?xml version="1.0" encoding="utf-8"?>

<!--
Map pack from AnyGIS.ru
Updated: 15-09-2019 02:44
-->




<providers>

<provider id="420004" type="0" visible="true" background="-1">
<name>Евразия - Топокарты - Генштаб</name>
<mode>Генштаб 2 000 м v2</mode>
<countries>Russia</countries>
<usage>hiking</usage>
<url><![CDATA[https://anygis.ru/api/v1/Locals_Genshtab_02000_new/{x}/{y}/{z}]]></url>
<serverPart></serverPart>
<zoomPart>{z}-8</zoomPart>
<zoomMin>8</zoomMin>    <!-- 0 -->
<zoomMax>20</zoomMax>   <!-- 12 -->
<tileSize>256</tileSize>
<extraHeader><![CDATA[Referer#https://anygis.ru/]]></extraHeader>
<extraHeader><![CDATA[User-Agent#Mozilla/5.0 (Windows NT 10.0; Win64; x64) AppleWebKit/537.36 (KHTML, like Gecko) Chrome/57.0.2987.110 Safari/537.36]]></extraHeader>
<attribution><![CDATA[Map pack from AnyGIS.r. <a href="https://anygis.ru/Web/Html/Changelog_ru">Check for updates</a>]]></attribution>
</provider>

</providers>