<?xml version="1.0" encoding="utf-8"?>

<!--
Map pack from AnyGIS.ru
Updated: 03-01-2020 16:07
-->




<providers>

<provider id="11014" type="0" visible="true" background="-1">
<name>Европа - Северная</name>
<mode>Finland Topo Retkikartta.fi</mode>
<countries>Finland</countries>
<usage>hiking</usage>
<cacheTimeout>720</cacheTimeout>
<url><![CDATA[https://retkikartta.fi/wmts/30c616a00f157e7357721900e8b0415c?SERVICE=WMTS&REQUEST=GetTile&VERSION=1.0.0&LAYER=maastokartta&STYLE=default&TILEMATRIXSET=WGS84_Pseudo-Mercator&TILEMATRIX={z}&TILEROW={y}&TILECOL={x}&FORMAT=image/png]]></url>
<serverPart></serverPart>
<zoomPart>{z}-8</zoomPart>
<zoomMin>8</zoomMin>    <!-- 0 -->
<zoomMax>26</zoomMax>   <!-- 18 -->
<tileSize>256</tileSize>

<extraHeader><![CDATA[User-Agent#Mozilla/5.0 (Macintosh; Intel Mac OS X 10_14_6) AppleWebKit/537.36 (KHTML, like Gecko) Chrome/77.0.3865.90 Safari/537.36]]></extraHeader>
<attribution><![CDATA[© Retkikartta.fi <br> 	Map pack from AnyGIS.ru. <a href="https://anygis.ru/Web/Html/Changelog_ru">Check for updates</a>]]></attribution>
</provider>

</providers>