<?xml version="1.0" encoding="utf-8"?>

<!--
Map pack from AnyGIS.ru
Updated: 20-09-2019 17:06
-->




<providers>

<provider id="11013" type="0" visible="true" background="-1">
<name>Европа - Северная</name>
<mode>Topografisk Norgeskart 4</mode>
<countries>Norway</countries>
<usage>hiking</usage>
<url><![CDATA[https://opencache{s}.statkart.no/gatekeeper/gk/gk.open_gmaps?layers=topo4&zoom={z}&x={x}&y={y}]]></url>
<serverPart>2;3</serverPart>
<zoomPart>{z}-8</zoomPart>
<zoomMin>8</zoomMin>    <!-- 0 -->
<zoomMax>30</zoomMax>   <!-- 22 -->
<tileSize>256</tileSize>
<extraHeader><![CDATA[User-Agent#Mozilla/5.0 (Windows NT 10.0; Win64; x64) AppleWebKit/537.36 (KHTML, like Gecko) Chrome/57.0.2987.110 Safari/537.36]]></extraHeader>
<attribution><![CDATA[Map pack from AnyGIS.ru. <a href="https://anygis.ru/Web/Html/Changelog_ru">Check for updates</a>]]></attribution>
</provider>

</providers>