<?xml version="1.0" encoding="utf-8"?>

<!--
Map pack from AnyGIS.ru
Updated: 12-10-2019 00:49
-->




<providers>

<provider id="110070" type="0" visible="true" background="-1">
<name>Европа - Северная</name>
<mode>Skoterleder</mode>
<countries>Sweden</countries>
<usage>hiking</usage>
<cacheTimeout>720</cacheTimeout>
<url><![CDATA[https://tiles.skoterleder.org/tiles/{z}/{x}/{y}.png]]></url>
<serverPart></serverPart>
<zoomPart>{z}-8</zoomPart>
<zoomMin>8</zoomMin>    <!-- 0 -->
<zoomMax>30</zoomMax>   <!-- 22 -->
<tileSize>256</tileSize>

<extraHeader><![CDATA[User-Agent#Mozilla/5.0 (Macintosh; Intel Mac OS X 10_14_6) AppleWebKit/537.36 (KHTML, like Gecko) Chrome/77.0.3865.90 Safari/537.36]]></extraHeader>
<attribution><![CDATA[© Skoterleder <br> 	Map pack from AnyGIS.ru. <a href="https://anygis.ru/Web/Html/Changelog_ru">Check for updates</a>]]></attribution>
</provider>

</providers>