<?xml version="1.0" encoding="utf-8"?>

<!--
Map pack from AnyGIS.ru
Updated: 03-09-2019 17:19
-->




<providers>

<provider id="11010" type="0" visible="true" background="-1">
<name>Европа - Северная</name>
<mode>Lantmäteriets Topografisk</mode>
<countries>Sweden</countries>
<usage>hiking</usage>
<url><![CDATA[https://kso.etjanster.lantmateriet.se/karta/topowebb/v1.1/wmts?SERVICE=WMTS&REQUEST=GetTile&VERSION=1.0.0&LAYER=topowebb&STYLE=default&TILEMATRIXSET=3857&TILEMATRIX={z}&TILEROW={y}&TILECOL={x}&FORMAT=image/png]]></url>
<serverPart></serverPart>
<zoomPart>{z}-8</zoomPart>
<zoomMin>8</zoomMin>    <!-- 0 -->
<zoomMax>30</zoomMax>   <!-- 22 -->
<tileSize>256</tileSize>
<extraHeader><![CDATA[User-Agent#Mozilla/5.0 (Windows NT 10.0; Win64; x64) AppleWebKit/537.36 (KHTML, like Gecko) Chrome/57.0.2987.110 Safari/537.36]]></extraHeader>
<attribution><![CDATA[Map pack from AnyGIS.r. <a href="https://anygis.ru/Web/Html/Changelog_ru">Check for updates</a>]]></attribution>
</provider>

</providers>