<?xml version="1.0" encoding="utf-8"?>

<!--
Map pack from AnyGIS.ru
Updated: 16-10-2019 15:47
-->




<providers>

<provider id="189999043" type="1" visible="false" background="-1">
<name>Европа - Северная</name>
<mode>Eniro + Navionics</mode>
<countries>Norway, Sweden, Finland, Denmark, Poland</countries>
<usage>city</usage>
<cacheTimeout>720</cacheTimeout>
<url><![CDATA[http://map0{s}.eniro.no/geowebcache/service/tms1.0.0/map/{z}/{x}/{y}.png]]></url>
<serverPart>1;2;3;4</serverPart>
<zoomPart>{z}-8</zoomPart>
<zoomMin>8</zoomMin>    <!-- 0 -->
<zoomMax>30</zoomMax>   <!-- 22 -->
<tileSize>256</tileSize>

<extraHeader><![CDATA[User-Agent#Mozilla/5.0 (Macintosh; Intel Mac OS X 10_14_6) AppleWebKit/537.36 (KHTML, like Gecko) Chrome/77.0.3865.90 Safari/537.36]]></extraHeader>
<attribution><![CDATA[  <br> 	Map pack from AnyGIS.ru. <a href="https://anygis.ru/Web/Html/Changelog_ru">Check for updates</a>]]></attribution>
</provider>

<provider id="11018" type="0" visible="true" background="189999043">
<name>Европа - Северная</name>
<mode>Eniro + Navionics</mode>
<countries>Norway, Sweden, Denmark</countries>
<usage>nautical</usage>
<cacheTimeout>720</cacheTimeout>
<url><![CDATA[https://anygis.ru/api/v1/Navionics_Marine_Charts_layer/{x}/{y}/{z}]]></url>
<serverPart></serverPart>
<zoomPart>{z}-8</zoomPart>
<zoomMin>8</zoomMin>    <!-- 0 -->
<zoomMax>27</zoomMax>   <!-- 19 -->
<tileSize>256</tileSize>

<extraHeader><![CDATA[Referer#https://webapp.navionics.com/]]></extraHeader>
<extraHeader><![CDATA[User-Agent#Mozilla/5.0 (Macintosh; Intel Mac OS X 10_14_6) AppleWebKit/537.36 (KHTML, like Gecko) Chrome/77.0.3865.90 Safari/537.36]]></extraHeader>
<attribution><![CDATA[© Eniro & Navionics <br> 	Map pack from AnyGIS.ru. <a href="https://anygis.ru/Web/Html/Changelog_ru">Check for updates</a>]]></attribution>
</provider>

</providers>