<?xml version="1.0" encoding="utf-8"?>

<!--
Map pack from AnyGIS.ru
Updated: 18-09-2019 10:41
-->




<providers>

<provider id="10804" type="0" visible="true" background="-1">
<name>Европа - Восточная</name>
<mode>Ukraine - Meta.ua</mode>
<countries>Ukraine</countries>
<usage>city</usage>
<url><![CDATA[http://i1.map.meta.ua/cell.php?x={x}&y={y}&scale={z}]]></url>
<serverPart></serverPart>
<zoomPart>{z}-8</zoomPart>
<zoomMin>8</zoomMin>    <!-- 0 -->
<zoomMax>28</zoomMax>   <!-- 20 -->
<tileSize>256</tileSize>
<extraHeader><![CDATA[User-Agent#Mozilla/5.0 (Windows NT 10.0; Win64; x64) AppleWebKit/537.36 (KHTML, like Gecko) Chrome/57.0.2987.110 Safari/537.36]]></extraHeader>
<attribution><![CDATA[Map pack from AnyGIS.ru. <a href="https://anygis.ru/Web/Html/Changelog_ru">Check for updates</a>]]></attribution>
</provider>

</providers>