<?xml version="1.0" encoding="utf-8"?>

<!--
Map pack from AnyGIS.ru
Updated: 08-01-2020 00:17
-->




<providers>

<provider id="11012" type="0" visible="true" background="-1">
<name>Европа - Северная</name>
<mode>FINN Kart Norge</mode>
<countries>Norway</countries>
<usage>city</usage>
<cacheTimeout>720</cacheTimeout>
<url><![CDATA[http://maptiles{s}.finncdn.no/tileService/1.0.3/normap{ts}/{z}/{x}/{y}.png]]></url>
<serverPart>1;2;3;4</serverPart>
<zoomPart>{z}-8</zoomPart>
<zoomMin>13</zoomMin>    <!-- 5 -->
<zoomMax>29</zoomMax>   <!-- 21 -->
<tileSize>256</tileSize>
<tileScales>
    <tileScale dpi="0" multi="1" replace="" />
    <tileScale dpi="320" multi="2" replace="hd" />
</tileScales>
<extraHeader><![CDATA[User-Agent#Mozilla/5.0 (Macintosh; Intel Mac OS X 10_14_6) AppleWebKit/537.36 (KHTML, like Gecko) Chrome/77.0.3865.90 Safari/537.36]]></extraHeader>
<attribution><![CDATA[© FINN <br> 	Map pack from AnyGIS.ru. <a href="https://anygis.ru/Web/Html/Changelog_ru">Check for updates</a>]]></attribution>
</provider>

</providers>