<?xml version="1.0" encoding="utf-8"?>

<!--
Комплект карт "AnyGIS" для навигатора Locus Maps.
https://anygis.ru/Web/Html/Locus

Составитель: AnyGIS (anygis@bk.ru).
Файл обновлен: 28-08-2019 00:29

Сделан на основе наборов карт от:
- SAS.planet (https://www.sasgis.org/)
- Erelen (https://melda.ru/locus/)
- ms.Galileo-app (https://ms.galileo-app.com/)
- Custom-maps-sourse (https://custom-map-source.appspot.com/)
-->



<providers>

<provider id="189999043" type="1" visible="false" background="-1">
<name>Европа - Северная</name>
<mode>Eniro + Navionics</mode>
<countries>Norway, Sweden, Finland, Denmark, Poland</countries>
<usage>city</usage>
<url><![CDATA[http://map0{s}.eniro.no/geowebcache/service/tms1.0.0/map/{z}/{x}/{y}.png]]></url>
<serverPart>1;2;3;4</serverPart>
<zoomPart>{z}-8</zoomPart>
<zoomMin>8</zoomMin>    <!-- 0 -->
<zoomMax>30</zoomMax>   <!-- 22 -->
<tileSize>256</tileSize>
<extraHeader><![CDATA[User-Agent#Mozilla/5.0 (Windows NT 10.0; Win64; x64) AppleWebKit/537.36 (KHTML, like Gecko) Chrome/57.0.2987.110 Safari/537.36]]></extraHeader>
<attribution><![CDATA[Сборник карт AnyGIS. <a href="https://anygis.ru/Web/Html/Locus">Проверить обновления</a>]]></attribution>
</provider>

<provider id="11018" type="0" visible="true" background="189999043">
<name>Европа - Северная</name>
<mode>Eniro + Navionics</mode>
<countries>Norway, Sweden, Denmark</countries>
<usage>nautical</usage>
<url><![CDATA[https://anygis.ru/server/Navionics_Marine_Charts_layer/{x}/{y}/{z}]]></url>
<serverPart></serverPart>
<zoomPart>{z}-8</zoomPart>
<zoomMin>8</zoomMin>    <!-- 0 -->
<zoomMax>27</zoomMax>   <!-- 19 -->
<tileSize>256</tileSize>
<extraHeader><![CDATA[Referer#http://webapp.navionics.com/]]></extraHeader>
<extraHeader><![CDATA[User-Agent#Mozilla/5.0 (Windows NT 10.0; Win64; x64) AppleWebKit/537.36 (KHTML, like Gecko) Chrome/57.0.2987.110 Safari/537.36]]></extraHeader>
<attribution><![CDATA[Сборник карт AnyGIS. <a href="https://anygis.ru/Web/Html/Locus">Проверить обновления</a>]]></attribution>
</provider>

</providers>