<?xml version="1.0" encoding="utf-8"?>

<!--
Map pack from AnyGIS.ru
Updated: 02-10-2019 00:06
-->




<providers>

<provider id="11011" type="0" visible="true" background="-1">
<name>Европа - Северная</name>
<mode>Lantmäteriets Fjällkarta</mode>
<countries>Sweden</countries>
<usage>hiking</usage>
<url><![CDATA[https://johanberonius.github.io/Lantmateriets-Fjallkarta/tiles/{z}/{x}/{y}.jpg]]></url>
<serverPart></serverPart>
<zoomPart>{z}-8</zoomPart>
<zoomMin>13</zoomMin>    <!-- 5 -->
<zoomMax>20</zoomMax>   <!-- 12 -->
<tileSize>256</tileSize>
<extraHeader><![CDATA[User-Agent#Mozilla/5.0 (Windows NT 10.0; Win64; x64) AppleWebKit/537.36 (KHTML, like Gecko) Chrome/57.0.2987.110 Safari/537.36]]></extraHeader>
<attribution><![CDATA[Map pack from AnyGIS.ru. <a href="https://anygis.ru/Web/Html/Changelog_ru">Check for updates</a>]]></attribution>
</provider>

</providers>