<?xml version="1.0" encoding="utf-8"?>

<!--
Map pack from AnyGIS.ru
Updated: 30-09-2019 23:01
-->




<providers>

<provider id="10808" type="1" visible="true" background="-1">
<name>Европа - Восточная</name>
<mode>Ukraine - Кадастровая карта</mode>
<countries>Ukraine</countries>
<usage>city</usage>
<url><![CDATA[https://anygis.ru/api/v1/Other_Ukr_Kadastr_layer/{x}/{y}/{z}]]></url>
<serverPart></serverPart>
<zoomPart>{z}-8</zoomPart>
<zoomMin>8</zoomMin>    <!-- 0 -->
<zoomMax>24</zoomMax>   <!-- 16 -->
<tileSize>256</tileSize>
<extraHeader><![CDATA[Referer#https://map.land.gov.ua/kadastrova-karta]]></extraHeader>
<extraHeader><![CDATA[User-Agent#Mozilla/5.0 (Windows NT 10.0; Win64; x64) AppleWebKit/537.36 (KHTML, like Gecko) Chrome/57.0.2987.110 Safari/537.36]]></extraHeader>
<attribution><![CDATA[Map pack from AnyGIS.ru. <a href="https://anygis.ru/Web/Html/Changelog_ru">Check for updates</a>]]></attribution>
</provider>

</providers>