<?xml version="1.0" encoding="utf-8"?>

<!--
Map pack from AnyGIS.ru
Updated: 03-09-2019 17:15
-->




<providers>

<provider id="11012" type="0" visible="true" background="-1">
<name>Европа - Северная</name>
<mode>FINN Kart Norge</mode>
<countries>Norway</countries>
<usage>city</usage>
<url><![CDATA[http://maptiles{s}.finncdn.no/tileService/1.0.3/normap/{z}/{x}/{y}.png]]></url>
<serverPart>1;2;3;4</serverPart>
<zoomPart>{z}-8</zoomPart>
<zoomMin>8</zoomMin>    <!-- 0 -->
<zoomMax>30</zoomMax>   <!-- 22 -->
<tileSize>256</tileSize>
<extraHeader><![CDATA[User-Agent#Mozilla/5.0 (Windows NT 10.0; Win64; x64) AppleWebKit/537.36 (KHTML, like Gecko) Chrome/57.0.2987.110 Safari/537.36]]></extraHeader>
<attribution><![CDATA[Map pack from AnyGIS.r. <a href="https://anygis.ru/Web/Html/Description_ru">Check for updates</a>]]></attribution>
</provider>

</providers>