<?xml version="1.0" encoding="utf-8"?>

<!--
Map pack from AnyGIS.ru
Updated: 08-10-2019 11:02
-->




<providers>

<provider id="410016" type="0" visible="true" background="-1">
<name>Глобальные - OSM - Ways</name>
<mode>OpenBusMap (Opnvkarte.de)</mode>
<countries>World</countries>
<usage>city</usage>
<cacheTimeout>720</cacheTimeout>
<url><![CDATA[http://tile.memomaps.de/tilegen/{z}/{x}/{y}.png]]></url>
<serverPart></serverPart>
<zoomPart>{z}-8</zoomPart>
<zoomMin>8</zoomMin>    <!-- 0 -->
<zoomMax>27</zoomMax>   <!-- 19 -->
<tileSize>256</tileSize>

<extraHeader><![CDATA[User-Agent#Mozilla/5.0 (Macintosh; Intel Mac OS X 10_14_6) AppleWebKit/537.36 (KHTML, like Gecko) Chrome/77.0.3865.90 Safari/537.36]]></extraHeader>
<attribution><![CDATA[© OpenStreetMap, Opnvkarte.de <br> 	Map pack from AnyGIS.ru. <a href="https://anygis.ru/Web/Html/Changelog_ru">Check for updates</a>]]></attribution>
</provider>

</providers>