<?xml version="1.0" encoding="utf-8"?>

<!--
Map pack from AnyGIS.ru
Updated: 03-09-2019 16:41
-->



<providers>

<provider id="117593" type="0" visible="true" background="-1">
<name>Глобальные - Городские</name>
<mode>Google Ландшафт RU</mode>
<countries>World</countries>
<usage>city</usage>
<url><![CDATA[http://mt{s}.google.com/vt/lyrs=t@130,r@206000000&hl=ru&x={x}&y={y}&z={z}&s=Galileo&scale=1&hl=ru]]></url>
<serverPart>0;1;2;3</serverPart>
<zoomPart>{z}-8</zoomPart>
<zoomMin>8</zoomMin>    <!-- 0 -->
<zoomMax>28</zoomMax>   <!-- 20 -->
<tileSize>256</tileSize>
<extraHeader><![CDATA[Referer#https://maps.google.com/]]></extraHeader>
<extraHeader><![CDATA[User-Agent#Mozilla/5.0 (Windows NT 10.0; Win64; x64) AppleWebKit/537.36 (KHTML, like Gecko) Chrome/57.0.2987.110 Safari/537.36]]></extraHeader>
<attribution><![CDATA[Сборник карт AnyGIS. <a href="https://anygis.ru/Web/Html/Locus">Проверить обновления</a>]]></attribution>
</provider>

</providers>