<?xml version="1.0" encoding="utf-8"?>

<!--
Map pack from AnyGIS.ru
Updated: 15-10-2019 00:27
-->




<providers>

<provider id="6666216" type="0" visible="true" background="-1">
<name>Глобальные - OSM</name>
<mode>Mapbox Terrain</mode>
<countries>World</countries>
<usage>hiking</usage>
<cacheTimeout>720</cacheTimeout>
<url><![CDATA[http://{s}.tiles.mapbox.com/v4/matt.72ef5189/{z}/{x}/{y}{ts}.png?access_token=pk.eyJ1IjoiZHVuY2FuZ3JhaGFtIiwiYSI6IlJJcWdFczQifQ.9HUpTV1es8IjaGAf_s64VQ]]></url>
<serverPart>a;b;c</serverPart>
<zoomPart>{z}-8</zoomPart>
<zoomMin>8</zoomMin>    <!-- 0 -->
<zoomMax>26</zoomMax>   <!-- 18 -->
<tileSize>256</tileSize>
<tileScales>
    <tileScale dpi="0" multi="1" replace="" />
    <tileScale dpi="320" multi="2" replace="@2x" />
</tileScales>
<extraHeader><![CDATA[User-Agent#Mozilla/5.0 (Macintosh; Intel Mac OS X 10_14_6) AppleWebKit/537.36 (KHTML, like Gecko) Chrome/77.0.3865.90 Safari/537.36]]></extraHeader>
<attribution><![CDATA[© OpenStreetMap, Mapbox <br> 	Map pack from AnyGIS.ru. <a href="https://anygis.ru/Web/Html/Changelog_ru">Check for updates</a>]]></attribution>
</provider>

</providers>