<?xml version="1.0" encoding="utf-8"?>

<!--
Map pack from AnyGIS.ru
Updated: 14-10-2019 01:18
-->




<providers>

<provider id="468615" type="0" visible="true" background="-1">
<name>Глобальные - Спутниковые</name>
<mode>Mapbox Спутник</mode>
<countries>World</countries>
<usage>photo</usage>
<cacheTimeout>2160</cacheTimeout>
<url><![CDATA[http://api.tiles.mapbox.com/v4/mapbox.satellite/{z}/{x}/{y}.png?access_token=pk.eyJ1IjoienZlcmlrIiwiYSI6IjVLMGxwbGsifQ.pdb83NbjTrfl9ibbdjPSsg]]></url>
<serverPart>a;b;c</serverPart>
<zoomPart>{z}-8</zoomPart>
<zoomMin>8</zoomMin>    <!-- 0 -->
<zoomMax>25</zoomMax>   <!-- 17 -->
<tileSize>256</tileSize>

<extraHeader><![CDATA[User-Agent#Mozilla/5.0 (Macintosh; Intel Mac OS X 10_14_6) AppleWebKit/537.36 (KHTML, like Gecko) Chrome/77.0.3865.90 Safari/537.36]]></extraHeader>
<attribution><![CDATA[© Mapbox <br> 	Map pack from AnyGIS.ru. <a href="https://anygis.ru/Web/Html/Changelog_ru">Check for updates</a>]]></attribution>
</provider>

</providers>