<?xml version="1.0" encoding="utf-8"?>

<!--
Комплект карт "AnyGIS" для навигатора Locus Maps.
https://nnngrach.github.io/AnyGIS_maps/Web/Html/Locus

Составитель: AnyGIS (anygis@bk.ru).
Файл обновлен: 21-08-2019 23:40

Сделан на основе наборов карт от:
- SAS.planet (http://www.sasgis.org/)
- Erelen (https://melda.ru/locus/)
- ms.Galileo-app (https://ms.galileo-app.com/)
- Custom-maps-sourse (https://custom-map-source.appspot.com/)
-->



<providers>

<provider id="10083" type="2" visible="true" background="-1">
<name>Глобальные - Городские</name>
<mode>Yandex Народная</mode>
<countries>World</countries>
<usage>city</usage>
<url><![CDATA[https://0{s}.rdr.um.maps.yandex.net/?l=mpmap&sl=104,210342,210370,211777,211818,211939,211993,212001,212015,212019,212026,212032,212081,212216,300024,300026,300028,300198,300270,300285,300292,300330,300336,300337,300344,300350,300351,300358,300364,300365,300371,300372,300379,300386,300392,300393,300400,300406,300407,300468,300472,300523,300641,300651,300661,300671,300931,300939,300954,300969,300993,301050,301084,301125,301135,301155,301164,301183,301275,301383,301388,301494,301501,301520,301596,301676,301685,301700,301773,302544&token=1444545311:18482354:core.1444545311:10507329:trunk&x={x}&y={y}&z={z}]]></url>
<serverPart>1;2;3;4</serverPart>
<zoomPart>{z}-8</zoomPart>
<zoomMin>8</zoomMin>    <!-- 0 -->
<zoomMax>27</zoomMax>   <!-- 19 -->
<tileSize>256</tileSize>
<extraHeader><![CDATA[Referer#https://maps.yandex.ru/]]></extraHeader>
<extraHeader><![CDATA[User-Agent#Mozilla/5.0 (Windows NT 10.0; Win64; x64) AppleWebKit/537.36 (KHTML, like Gecko) Chrome/57.0.2987.110 Safari/537.36]]></extraHeader>
<attribution><![CDATA[Сборник карт AnyGIS. <a href="https://nnngrach.github.io/AnyGIS_maps/Web/Html/Locus">Проверить обновления</a>]]></attribution>
</provider>

</providers>