<?xml version="1.0" encoding="utf-8"?>

<!--
Map pack from AnyGIS.ru
Updated: 11-09-2019 23:48
-->




<providers>

<provider id="410016" type="0" visible="true" background="-1">
<name>Глобальные - OSM</name>
<mode>Opnvkarte.de</mode>
<countries>World</countries>
<usage>city</usage>
<url><![CDATA[http://tile.memomaps.de/tilegen/{z}/{x}/{y}.png]]></url>
<serverPart></serverPart>
<zoomPart>{z}-8</zoomPart>
<zoomMin>8</zoomMin>    <!-- 0 -->
<zoomMax>27</zoomMax>   <!-- 19 -->
<tileSize>256</tileSize>
<extraHeader><![CDATA[User-Agent#Mozilla/5.0 (Windows NT 10.0; Win64; x64) AppleWebKit/537.36 (KHTML, like Gecko) Chrome/57.0.2987.110 Safari/537.36]]></extraHeader>
<attribution><![CDATA[Map pack from AnyGIS.r. <a href="https://anygis.ru/Web/Html/Changelog_ru">Check for updates</a>]]></attribution>
</provider>

</providers>