<?xml version="1.0" encoding="utf-8"?>

<!--
Map pack from AnyGIS.ru
Updated: 08-09-2019 21:41
-->




<providers>

<provider id="6666018" type="0" visible="true" background="-1">
<name>Глобальные - OSM</name>
<mode>Michelin transport</mode>
<countries>World</countries>
<usage>road</usage>
<url><![CDATA[https://map{s}.viamichelin.com/map/mapdirect?map=viamichelin&z={z}&x={x}&y={y}&format=png&version=201901161110&layer=background&locale=default&cs=1&protocol=https]]></url>
<serverPart>1;2;3;4</serverPart>
<zoomPart>{z}-8</zoomPart>
<zoomMin>8</zoomMin>    <!-- 0 -->
<zoomMax>27</zoomMax>   <!-- 19 -->
<tileSize>256</tileSize>
<extraHeader><![CDATA[User-Agent#Mozilla/5.0 (Windows NT 10.0; Win64; x64) AppleWebKit/537.36 (KHTML, like Gecko) Chrome/57.0.2987.110 Safari/537.36]]></extraHeader>
<attribution><![CDATA[Map pack from AnyGIS.r. <a href="https://anygis.ru/Web/Html/Changelog_ru">Check for updates</a>]]></attribution>
</provider>

</providers>