<?xml version="1.0" encoding="utf-8"?>

<!--
Map pack from AnyGIS.ru
Updated: 15-10-2019 17:36
-->




<providers>

<provider id="468333" type="1" visible="true" background="-1">
<name>Глобальные - Спутниковые</name>
<mode>Maxar Standard</mode>
<countries>World</countries>
<usage>photo</usage>
<cacheTimeout>2160</cacheTimeout>
<url><![CDATA[https://earthwatch.digitalglobe.com/earthservice/tmsaccess/tms/1.0.0/DigitalGlobe:ImageryTileService@EPSG:3857@jpg/{z}/{x}/{y}.jpg?connectId=d9c5e3ef-6300-4cec-9562-c1f27da6b2d9 ]]></url>
<serverPart></serverPart>
<zoomPart>{z}-8</zoomPart>
<zoomMin>8</zoomMin>    <!-- 0 -->
<zoomMax>30</zoomMax>   <!-- 22 -->
<tileSize>256</tileSize>

<extraHeader><![CDATA[User-Agent#Mozilla/5.0 (Macintosh; Intel Mac OS X 10_14_6) AppleWebKit/537.36 (KHTML, like Gecko) Chrome/77.0.3865.90 Safari/537.36]]></extraHeader>
<attribution><![CDATA[© Maxar <br> 	Map pack from AnyGIS.ru. <a href="https://anygis.ru/Web/Html/Changelog_ru">Check for updates</a>]]></attribution>
</provider>

</providers>