<?xml version="1.0" encoding="utf-8"?>

<!--
Map pack from AnyGIS.ru
Updated: 22-09-2019 19:39
-->




<providers>

<provider id="468021" type="0" visible="true" background="-1">
<name>Глобальные - Спутниковые</name>
<mode>Google Спутник</mode>
<countries>World</countries>
<usage>photo</usage>
<url><![CDATA[http://mt.google.com/vt/lyrs=s@176103410&x={x}&y={y}&z={z}&s=Galileo&scale=1&hl=en]]></url>
<serverPart>0;1;2;3</serverPart>
<zoomPart>{z}-8</zoomPart>
<zoomMin>8</zoomMin>    <!-- 0 -->
<zoomMax>28</zoomMax>   <!-- 20 -->
<tileSize>256</tileSize>
<extraHeader><![CDATA[Referer#https://maps.google.com/]]></extraHeader>
<extraHeader><![CDATA[User-Agent#Mozilla/5.0 (Windows NT 10.0; Win64; x64) AppleWebKit/537.36 (KHTML, like Gecko) Chrome/57.0.2987.110 Safari/537.36]]></extraHeader>
<attribution><![CDATA[Map pack from AnyGIS.ru. <a href="https://anygis.ru/Web/Html/Changelog_ru">Check for updates</a>]]></attribution>
</provider>

</providers>