<?xml version="1.0" encoding="utf-8"?>

<!--
Map pack from AnyGIS.ru
Updated: 15-10-2019 00:27
-->




<providers>

<provider id="468605" type="0" visible="true" background="-1">
<name>Глобальные - Спутниковые</name>
<mode>Here Спутник</mode>
<countries>World</countries>
<usage>photo</usage>
<cacheTimeout>2160</cacheTimeout>
<url><![CDATA[https://{s}.aerial.maps.api.here.com/maptile/2.1/maptile/newest/hybrid.day/{z}/{x}/{y}/{ts}/png8?app_id=xWVIueSv6JL0aJ5xqTxb&app_code=djPZyynKsbTjIUDOBcHZ2g&lg=rus&ppi=72&pview=RUS]]></url>
<serverPart>1;2;3;4</serverPart>
<zoomPart>{z}-8</zoomPart>
<zoomMin>8</zoomMin>    <!-- 0 -->
<zoomMax>27</zoomMax>   <!-- 19 -->
<tileSize>256</tileSize>
<tileScales>
    <tileScale dpi="0" multi="1" replace="256" />
    <tileScale dpi="320" multi="2" replace="512" />
</tileScales>
<extraHeader><![CDATA[Referer#https://wego.here.com/]]></extraHeader>
<extraHeader><![CDATA[User-Agent#Mozilla/5.0 (Macintosh; Intel Mac OS X 10_14_6) AppleWebKit/537.36 (KHTML, like Gecko) Chrome/77.0.3865.90 Safari/537.36]]></extraHeader>
<attribution><![CDATA[© Here <br> 	Map pack from AnyGIS.ru. <a href="https://anygis.ru/Web/Html/Changelog_ru">Check for updates</a>]]></attribution>
</provider>

</providers>