<?xml version="1.0" encoding="utf-8"?>

<!--
Map pack from AnyGIS.ru
Updated: 07-01-2020 12:30
-->




<providers>

<provider id="412045" type="0" visible="true" background="-1">
<name>Глобальные - Справочные</name>
<mode>OpenWeatherMap - Осадки сейчас</mode>
<countries>World</countries>
<usage>hiking</usage>
<cacheTimeout>0</cacheTimeout>
<url><![CDATA[http://{s}.maps.owm.io:8099/57456d1237fb4e01009cbb17/{z}/{x}/{y}?hash=042a4b4c8ec6bc8392aabf46fa91003c]]></url>
<serverPart>a;b;c;d;e;f;g;h</serverPart>
<zoomPart>{z}-8</zoomPart>
<zoomMin>10</zoomMin>    <!-- 2 -->
<zoomMax>16</zoomMax>   <!-- 8 -->
<tileSize>256</tileSize>

<extraHeader><![CDATA[Referer#http://openweathermap.org/weathermap]]></extraHeader>
<extraHeader><![CDATA[User-Agent#Mozilla/5.0 (Macintosh; Intel Mac OS X 10_14_6) AppleWebKit/537.36 (KHTML, like Gecko) Chrome/77.0.3865.90 Safari/537.36]]></extraHeader>
<attribution><![CDATA[© OpenWeatherMap <br> 	Map pack from AnyGIS.ru. <a href="https://anygis.ru/Web/Html/Changelog_ru">Check for updates</a>]]></attribution>
</provider>

</providers>