<?xml version="1.0" encoding="utf-8"?>

<!--
Map pack from AnyGIS.ru
Updated: 15-09-2019 02:44
-->




<providers>

<provider id="5555022" type="0" visible="true" background="-1">
<name>Евразия - Исторические</name>
<mode>Беларусь 3-х верстовая</mode>
<countries>Belarus</countries>
<usage>city</usage>
<url><![CDATA[https://globus.tut.by/.tiles/3v/Z{z}/{y}/{x}.jpg]]></url>
<serverPart></serverPart>
<zoomPart>{z}-8</zoomPart>
<zoomMin>18</zoomMin>    <!-- 10 -->
<zoomMax>22</zoomMax>   <!-- 14 -->
<tileSize>256</tileSize>
<extraHeader><![CDATA[User-Agent#Mozilla/5.0 (Windows NT 10.0; Win64; x64) AppleWebKit/537.36 (KHTML, like Gecko) Chrome/57.0.2987.110 Safari/537.36]]></extraHeader>
<attribution><![CDATA[Map pack from AnyGIS.r. <a href="https://anygis.ru/Web/Html/Changelog_ru">Check for updates</a>]]></attribution>
</provider>

</providers>