<?xml version="1.0" encoding="utf-8"?>

<!--
Map pack from AnyGIS.ru
Updated: 17-10-2019 23:09
-->




<providers>

<provider id="5555026" type="0" visible="true" background="-1">
<name>Евразия - Исторические</name>
<mode>Петроград 1917</mode>
<countries>Russia</countries>
<usage>photo</usage>
<cacheTimeout>99999</cacheTimeout>
<url><![CDATA[http://www.retromap.ru/tiles/h/1/1419173/Z{z}/{y}/{x}.jpg]]></url>
<serverPart></serverPart>
<zoomPart>{z}-8</zoomPart>
<zoomMin>20</zoomMin>    <!-- 12 -->
<zoomMax>23</zoomMax>   <!-- 15 -->
<tileSize>256</tileSize>

<extraHeader><![CDATA[Referer#http://www.retromap.ru/m/]]></extraHeader>
<extraHeader><![CDATA[User-Agent#Mozilla/5.0 (Macintosh; Intel Mac OS X 10_14_6) AppleWebKit/537.36 (KHTML, like Gecko) Chrome/77.0.3865.90 Safari/537.36]]></extraHeader>
<attribution><![CDATA[© Retromap.ru <br> 	Map pack from AnyGIS.ru. <a href="https://anygis.ru/Web/Html/Changelog_ru">Check for updates</a>]]></attribution>
</provider>

</providers>