<?xml version="1.0" encoding="utf-8"?>

<!--
Map pack from AnyGIS.ru
Updated: 15-10-2019 00:50
-->




<providers>

<provider id="8888652" type="0" visible="true" background="-1">
<name>Overlay - Рельеф</name>
<mode>Контурные линии Mapbox </mode>
<countries>World</countries>
<usage>overlay</usage>
<cacheTimeout>720</cacheTimeout>
<url><![CDATA[https://api.mapbox.com/styles/v1/gaubrouter/cjzfrm6l50yaq1cph8d2ta985/tiles/256/{z}/{x}/{y}?access_token=pk.eyJ1IjoiZ2F1YnJvdXRlciIsImEiOiJjanpmcmZ6czIwZXpuM2VvNXo0Zms2bTNtIn0.-2gVR7xRkdm74S5-vClw4g]]></url>
<serverPart></serverPart>
<zoomPart>{z}-8</zoomPart>
<zoomMin>8</zoomMin>    <!-- 0 -->
<zoomMax>27</zoomMax>   <!-- 19 -->
<tileSize>256</tileSize>

<extraHeader><![CDATA[User-Agent#Mozilla/5.0 (Macintosh; Intel Mac OS X 10_14_6) AppleWebKit/537.36 (KHTML, like Gecko) Chrome/77.0.3865.90 Safari/537.36]]></extraHeader>
<attribution><![CDATA[© Mapbox <br> 	Map pack from AnyGIS.ru. <a href="https://anygis.ru/Web/Html/Changelog_ru">Check for updates</a>]]></attribution>
</provider>

</providers>