<?xml version="1.0" encoding="utf-8"?>

<!--
Map pack from AnyGIS.ru
Updated: 07-10-2019 00:09
-->




<providers>

<provider id="8899001" type="0" visible="true" background="-1">
<name>Overpass</name>
<mode>OverpassTurbo: Мусорные баки</mode>
<countries>World</countries>
<usage>city</usage>
<cacheTimeout>720</cacheTimeout>
<url><![CDATA[https://anygis.ru/api/v1/Mapshooter_Waste/{x}/{y}/{z}]]></url>
<serverPart></serverPart>
<zoomPart>{z}-8</zoomPart>
<zoomMin>8</zoomMin>    <!-- 0 -->
<zoomMax>26</zoomMax>   <!-- 18 -->
<tileSize>256</tileSize>

<extraHeader><![CDATA[User-Agent#Mozilla/5.0 (Macintosh; Intel Mac OS X 10_14_6) AppleWebKit/605.1.15 (KHTML, like Gecko) Version/12.1.2 Safari/605.1.15]]></extraHeader>
<attribution><![CDATA[© OpenStreetMap <br> 	Map pack from AnyGIS.ru. <a href="https://anygis.ru/Web/Html/Changelog_ru">Check for updates</a>]]></attribution>
</provider>

</providers>