<?xml version="1.0" encoding="utf-8"?>

<!--
Map pack from AnyGIS.ru
Updated: 30-09-2019 01:53
-->




<providers>

<provider id="8888050" type="0" visible="true" background="-1">
<name>Overlay</name>
<mode>Strava Heatmap - Run 512 (Bluered)</mode>
<countries>World</countries>
<usage>overlay</usage>
<url><![CDATA[https://anygis.ru/api/v1/Tracks_Strava_Run_Bluered_HD/{x}/{y}/{z}?locusScale={ts}]]></url>
<serverPart></serverPart>
<zoomPart>{z}-8</zoomPart>
<zoomMin>8</zoomMin>    <!-- 0 -->
<zoomMax>23</zoomMax>   <!-- 15 -->
<tileSize>256</tileSize>
<tileScale dpi="0" multi="2.0" replace="19" />
<extraHeader><![CDATA[Referer#https://www.strava.com/heatmap]]></extraHeader>
<extraHeader><![CDATA[User-Agent#Mozilla/5.0 (Windows NT 10.0; Win64; x64) AppleWebKit/537.36 (KHTML, like Gecko) Chrome/57.0.2987.110 Safari/537.36]]></extraHeader>
<attribution><![CDATA[Map pack from AnyGIS.ru. <a href="https://anygis.ru/Web/Html/Changelog_ru">Check for updates</a>]]></attribution>
</provider>

</providers>