<?xml version="1.0" encoding="utf-8"?>

<!--
Map pack from AnyGIS.ru
Updated: 05-01-2020 16:28
-->




<providers>

<provider id="8888084" type="0" visible="true" background="-1">
<name>Overlay - Пробки</name>
<mode>Navitel.su</mode>
<countries>World</countries>
<usage>overlay</usage>
<cacheTimeout>0</cacheTimeout>
<url><![CDATA[https://anygis.ru/api/v1/NavitelSu_Traffic/{x}/{y}/{z}]]></url>
<serverPart></serverPart>
<zoomPart>{z}-8</zoomPart>
<zoomMin>14</zoomMin>    <!-- 6 -->
<zoomMax>26</zoomMax>   <!-- 18 -->
<tileSize>256</tileSize>

<extraHeader><![CDATA[Referer#http://maps.navitel.su/]]></extraHeader>
<extraHeader><![CDATA[User-Agent#Mozilla/5.0 (Macintosh; Intel Mac OS X 10_14_6) AppleWebKit/537.36 (KHTML, like Gecko) Chrome/77.0.3865.90 Safari/537.36]]></extraHeader>
<attribution><![CDATA[© Navitel <br> 	Map pack from AnyGIS.ru. <a href="https://anygis.ru/Web/Html/Changelog_ru">Check for updates</a>]]></attribution>
</provider>

</providers>