<?xml version="1.0" encoding="utf-8"?>





<providers>

<provider id="2081002" type="1" visible="true" background="-1">
<name>Overlay - Info</name>
<mode>⏹️ 📖 = 🇷🇺 - Rosreestr.ru - Labels</mode>
<countries>Russia</countries>
<usage>overlay</usage>
<cacheTimeout>720</cacheTimeout>
<url><![CDATA[https://anygis.ru/api/v1/Rosreestr_labels/{x}/{y}/{z}]]></url>
<serverPart></serverPart>
<zoomPart>{z}-8</zoomPart>
<zoomMin>8</zoomMin>    <!-- 0 -->
<zoomMax>28</zoomMax>   <!-- 20 -->
<tileSize>256</tileSize>

<extraHeader><![CDATA[Referer#https://pkk.rosreestr.ru]]></extraHeader>
<extraHeader><![CDATA[User-Agent#Mozilla/5.0 (Macintosh; Intel Mac OS X 10_14_6) AppleWebKit/537.36 (KHTML, like Gecko) Chrome/77.0.3865.90 Safari/537.36]]></extraHeader>
<attribution><![CDATA[© Rosreestr <br> 	Map pack from AnyGIS.ru. <a href="https://anygis.ru/Web/Html/Changelog_ru">Check for updates</a>]]></attribution>
</provider>

</providers>