<?xml version="1.0" encoding="utf-8"?>





<providers>

<provider id="2080013" type="2" visible="true" background="-1">
<name>Overlay - Info</name>
<mode>⏹️ 📖 = Yandex Pogoda - Precipitation after 0.5 hours</mode>
<countries>World</countries>
<usage>overlay</usage>
<cacheTimeout>0</cacheTimeout>
<url><![CDATA[https://anygis.ru/api/v1/Yandex_pogoda_rain_next_30m_WGS84_proxy/{x}/{y}/{z}]]></url>
<serverPart></serverPart>
<zoomPart>{z}-8</zoomPart>
<zoomMin>11</zoomMin>    <!-- 3 -->
<zoomMax>27</zoomMax>   <!-- 19 -->
<tileSize>256</tileSize>

<extraHeader><![CDATA[Referer#https://yandex.ru/pogoda/moscow/maps/nowcast?via=mmapwb&le_Lightning=1&ll=37.693915_55.675690&z=8]]></extraHeader>
<extraHeader><![CDATA[User-Agent#Mozilla/5.0 (Macintosh; Intel Mac OS X 10_14_6) AppleWebKit/537.36 (KHTML, like Gecko) Chrome/77.0.3865.90 Safari/537.36]]></extraHeader>
<attribution><![CDATA[© Yandex <br> 	Map pack from AnyGIS.ru. <a href="https://anygis.ru/Web/Html/Changelog_ru">Check for updates</a>]]></attribution>
</provider>

</providers>