<?xml version="1.0" encoding="utf-8"?>





<providers>

<provider id="1054200" type="0" visible="true" background="-1">
<name>Горные</name>
<mode>🏔️ = 🇰🇬 - Тянь-Шань и Джунгария (g-utka.ru)</mode>
<countries>Kyrgyzstan</countries>
<usage>hiking</usage>
<cacheTimeout>99999</cacheTimeout>
<url><![CDATA[https://nakartetiles.s3.eu-central-1.amazonaws.com/{z}/{x}/{y}.png]]></url>
<serverPart></serverPart>
<zoomPart>{z}-8</zoomPart>
<zoomMin>10</zoomMin>    <!-- 2 -->
<zoomMax>23</zoomMax>   <!-- 15 -->
<tileSize>256</tileSize>

<extraHeader><![CDATA[Referer#https://anygis.ru/]]></extraHeader>
<extraHeader><![CDATA[User-Agent#Mozilla/5.0 (Macintosh; Intel Mac OS X 10_14_6) AppleWebKit/537.36 (KHTML, like Gecko) Chrome/77.0.3865.90 Safari/537.36]]></extraHeader>
<attribution><![CDATA[  <br> 	Map pack from AnyGIS.ru. <a href="https://anygis.ru/Web/Html/Changelog_ru">Check for updates</a>]]></attribution>
</provider>

</providers>