<?xml version="1.0" encoding="utf-8"?>

<providers>

<provider id="8888036" type="0" visible="true" background="-1">
<name>Overlay</name>
<mode>Strava Heatmap - All 512</mode>
<countries>World</countries>
<usage>overlay</usage>
<url><![CDATA[http://anygis.herokuapp.com/Tracks_Strava_All_HD/{x}/{y}/{z}?locusScale={ts}]]></url>

<serverPart></serverPart>
<zoomPart>{z}-8</zoomPart>
<zoomMin>8</zoomMin>    <!-- 0 -->
<zoomMax>23</zoomMax>   <!-- 15 -->
<tileSize>256</tileSize>

<tileScale dpi="0" multi="2.0" replace="19" />

<extraHeader><![CDATA[Referer#https://www.strava.com/heatmap]]></extraHeader>

<extraHeader><![CDATA[User-Agent#Mozilla/5.0 (Windows NT 10.0; Win64; x64) AppleWebKit/537.36 (KHTML, like Gecko) Chrome/57.0.2987.110 Safari/537.36]]></extraHeader>
<attribution><![CDATA[© 2019 Strava]]></attribution>
</provider>

</providers>