<?xml version="1.0" encoding="utf-8"?>
<!--
Комплект карт "AnyGIS" для навигатора Locus (https://nnngrach.github.io/map-sources/Web/Html/Locus)
Сделан на основе SAS.planet и набора карт от Erelen'a (https://melda.ru/locus/)
Составитель: AnyGIS (anygis@bk.ru)
(02.02.19)

Топокарты ГосГисЦентра (ГГЦ)
-->

<providers>

	<provider id="7777104" type="1" visible="true" background="-1">
		<name>Eurasia - Hiking - Топокарты ГГЦ</name>
		<mode>ГосГисЦентр 250 м</mode>
		<countries>Russia</countries>
		<usage>hiking</usage>
		<url><![CDATA[https://tiles.nakarte.me/ggc250/{z}/{x}/{y}]]></url>
		<zoomPart>{z}-8</zoomPart>
		<zoomMin>8</zoomMin>
		<zoomMax>23</zoomMax> <!-- Max: 15+8 -->
		<tileSize>256</tileSize>
		<attribution><![CDATA[Map Data <a href="https://nakarte.me/>Nakarte.me</a>]]></attribution>
	</provider>

</providers>
