<?xml version="1.0" encoding="utf-8"?>
<!--
Комплект карт "AnyGIS" для навигатора Locus (https://anygis.herokuapp.com/locus)
Сделан на основе SAS.planet и набора карт от Erelen'a (https://melda.ru/locus/)
Составитель: AnyGIS (anygis@bk.ru)
(02.02.19)

Советские топокарты (Генштаб)
-->

<providers>

	<provider id="7777000" type="0" visible="true" background="-1">
		<name>Eurasia - Hiking - Топокарты Генштаб</name>
		<mode>Маршруты.ru</mode>
		<countries>World</countries>
		<usage>hiking</usage>
		<url><![CDATA[http://maps.marshruty.ru/ml.ashx?al=1&x={x}&y={y}&z={z}]]></url>
		<zoomPart>{z}-8</zoomPart>
		<zoomMin>16</zoomMin>
		<zoomMax>23</zoomMax> <!-- Max: 15+8 -->
		<tileSize>256</tileSize>
		<extraHeader><![CDATA[User-Agent#Mozilla/5.0 (Windows NT 10.0; Win64; x64) AppleWebKit/537.36 (KHTML, like Gecko) Chrome/57.0.2987.110 Safari/537.36]]></extraHeader>
		<extraHeader><![CDATA[Referer#http://maps.marshruty.ru/]]></extraHeader>
	</provider>


	<provider id="7777001" type="0" visible="true" background="-1">
		<name>Eurasia - Hiking - Топокарты Генштаб</name>
		<mode>Генштаб (Все масштабы)</mode>
		<countries>Russia</countries>
		<usage>hiking</usage>
		<url><![CDATA[https://anygis.herokuapp.com/Combo_Best_Genshtab/{x}/{y}/{z}]]></url>
		<zoomPart>{z}-8</zoomPart>
		<zoomMin>8</zoomMin>
		<zoomMax>23</zoomMax> <!-- Max: 15+8 -->
		<tileSize>256</tileSize>
		<attribution><![CDATA[© AnyGIS]]></attribution>
	</provider>

	<provider id="7777002" type="0" visible="true" background="-1">
		<name>Eurasia - Hiking - Топокарты Генштаб</name>
		<mode>Генштаб 20 000 м</mode>
		<countries>Russia</countries>
		<usage>hiking</usage>
		<url><![CDATA[https://anygis.herokuapp.com/Locals_Genshtab_20000/{x}/{y}/{z}]]></url>
		<zoomPart>{z}-8</zoomPart>
		<zoomMin>8</zoomMin>
		<zoomMax>17</zoomMax> <!-- Max: 9+8 -->
		<tileSize>256</tileSize>
		<attribution><![CDATA[Map Data <a href="http://www.sasgis.org/">SAS.Planet</a>]]></attribution>
	</provider>

	<provider id="7777003" type="0" visible="true" background="-1">
		<name>Eurasia - Hiking - Топокарты Генштаб</name>
		<mode>Генштаб 10 000 м</mode>
		<countries>Russia</countries>
		<usage>hiking</usage>
		<url><![CDATA[https://anygis.herokuapp.com/Locals_Genshtab_10000/{x}/{y}/{z}]]></url>
		<zoomPart>{z}-8</zoomPart>
		<zoomMin>8</zoomMin>
		<zoomMax>18</zoomMax> <!-- Max: 10+8 -->
		<tileSize>256</tileSize>
		<attribution><![CDATA[Map Data <a href="http://www.sasgis.org/">SAS.Planet</a>]]></attribution>
	</provider>

	<provider id="7777004" type="0" visible="true" background="-1">
		<name>Eurasia - Hiking - Топокарты Генштаб</name>
		<mode>Генштаб 5 000 м</mode>
		<countries>Russia</countries>
		<usage>hiking</usage>
		<url><![CDATA[https://anygis.herokuapp.com/Locals_Genshtab_05000/{x}/{y}/{z}]]></url>
		<zoomPart>{z}-8</zoomPart>
		<zoomMin>8</zoomMin>
		<zoomMax>19</zoomMax> <!-- Max: 11+8 -->
		<tileSize>256</tileSize>
		<attribution><![CDATA[Map Data <a href="http://www.sasgis.org/">SAS.Planet</a>]]></attribution>
	</provider>

	<provider id="7777005" type="0" visible="true" background="-1">
		<name>Eurasia - Hiking - Топокарты Генштаб</name>
		<mode>Генштаб 2 000 м</mode>
		<countries>Russia</countries>
		<usage>hiking</usage>
		<url><![CDATA[https://anygis.herokuapp.com/Locals_Genshtab_02000/{x}/{y}/{z}]]></url>
		<zoomPart>{z}-8</zoomPart>
		<zoomMin>8</zoomMin>
		<zoomMax>20</zoomMax> <!-- Max: 12+8 -->
		<tileSize>256</tileSize>
		<attribution><![CDATA[Map Data <a href="http://www.sasgis.org/">SAS.Planet</a>]]></attribution>
	</provider>

	<provider id="7777006" type="0" visible="true" background="-1">
		<name>Eurasia - Hiking - Топокарты Генштаб</name>
		<mode>Генштаб 2 000 м (new)</mode>
		<countries>Russia</countries>
		<usage>hiking</usage>
		<url><![CDATA[https://anygis.herokuapp.com/Locals_Genshtab_02000_new/{x}/{y}/{z}]]></url>
		<zoomPart>{z}-8</zoomPart>
		<zoomMin>8</zoomMin>
		<zoomMax>20</zoomMax> <!-- Max: 12+8 -->
		<tileSize>256</tileSize>
		<attribution><![CDATA[Map Data <a href="http://www.sasgis.org/">SAS.Planet</a>]]></attribution>
	</provider>

	<provider id="7777007" type="0" visible="true" background="-1">
		<name>Eurasia - Hiking - Топокарты Генштаб</name>
		<mode>Генштаб 1 000 м</mode>
		<countries>Russia</countries>
		<usage>hiking</usage>
		<url><![CDATA[https://anygis.herokuapp.com/Locals_Genshtab_01000/{x}/{y}/{z}]]></url>
		<zoomPart>{z}-8</zoomPart>
		<zoomMin>8</zoomMin>
		<zoomMax>21</zoomMax> <!-- Max: 13+8 -->
		<tileSize>256</tileSize>
		<attribution><![CDATA[Map Data <a href="http://www.sasgis.org/">SAS.Planet</a>]]></attribution>
	</provider>

	<provider id="7777008" type="0" visible="true" background="-1">
		<name>Eurasia - Hiking - Топокарты Генштаб</name>
		<mode>Генштаб 500 м</mode>
		<countries>Russia</countries>
		<usage>hiking</usage>
		<url><![CDATA[https://anygis.herokuapp.com/Locals_Genshtab_00500/{x}/{y}/{z}]]></url>
		<zoomPart>{z}-8</zoomPart>
		<zoomMin>8</zoomMin>
		<zoomMax>24</zoomMax> <!-- Max: 16+8 -->
		<tileSize>256</tileSize>
		<attribution><![CDATA[Map Data <a href="http://www.sasgis.org/">SAS.Planet</a>]]></attribution>
	</provider>

	<provider id="7777009" type="0" visible="true" background="-1">
		<name>Eurasia - Hiking - Топокарты Генштаб</name>
		<mode>Генштаб 500 м (new)</mode>
		<countries>Russia</countries>
		<usage>hiking</usage>
		<url><![CDATA[https://anygis.herokuapp.com/Locals_Genshtab_00500_new/{x}/{y}/{z}]]></url>
		<zoomPart>{z}-8</zoomPart>
		<zoomMin>8</zoomMin>
		<zoomMax>24</zoomMax> <!-- Max: 16+8 -->
		<tileSize>256</tileSize>
		<attribution><![CDATA[Map Data <a href="http://www.sasgis.org/">SAS.Planet</a>]]></attribution>
	</provider>

	<provider id="7777010" type="0" visible="true" background="-1">
		<name>Eurasia - Hiking - Топокарты Генштаб</name>
		<mode>Генштаб 250 м</mode>
		<countries>Russia</countries>
		<usage>hiking</usage>
		<url><![CDATA[https://anygis.herokuapp.com/Locals_Genshtab_00250/{x}/{y}/{z}]]></url>
		<zoomPart>{z}-8</zoomPart>
		<zoomMin>8</zoomMin>
		<zoomMax>24</zoomMax> <!-- Max: 16+8 -->
		<tileSize>256</tileSize>
		<attribution><![CDATA[Map Data <a href="http://www.sasgis.org/">SAS.Planet</a>]]></attribution>
	</provider>

</providers>
