<?xml version="1.0" encoding="utf-8"?>

<!--
Map pack from AnyGIS.ru
Updated: 29-02-2020 13:21
-->




<providers>

<provider id="1021001" type="0" visible="true" background="-1">
<name>City - Eurasia</name>
<mode>2Gis</mode>
<countries>Russia</countries>
<usage>city</usage>
<cacheTimeout>720</cacheTimeout>
<url><![CDATA[https://tile{s}.maps.2gis.com/tiles?x={x}&y={y}&z={z}&r=g&ts=online_{ts}]]></url>
<serverPart>0;1;2;3</serverPart>
<zoomPart>{z}-8</zoomPart>
<zoomMin>8</zoomMin>    <!-- 0 -->
<zoomMax>26</zoomMax>   <!-- 18 -->
<tileSize>256</tileSize>
<tileScales>
    <tileScale dpi="0" multi="1" replace="sd" />
    <tileScale dpi="320" multi="2" replace="hd" />
</tileScales>
<extraHeader><![CDATA[Referer#https://2gis.ru/]]></extraHeader>
<extraHeader><![CDATA[User-Agent#Mozilla/5.0 (Macintosh; Intel Mac OS X 10_14_6) AppleWebKit/537.36 (KHTML, like Gecko) Chrome/77.0.3865.90 Safari/537.36]]></extraHeader>
<attribution><![CDATA[© 2Gis <br> 	Map pack from AnyGIS.ru. <a href="https://anygis.ru/Web/Html/Changelog_ru">Check for updates</a>]]></attribution>
</provider>

</providers>