<?xml version="1.0" encoding="utf-8"?>

<!--
Комплект карт "AnyGIS" для навигатора Locus Maps.
https://anygis.ru/Web/Html/Locus

Составитель: AnyGIS (anygis@bk.ru).
Файл обновлен: 28-08-2019 23:15

Сделан на основе наборов карт от:
- SAS.planet (https://www.sasgis.org/)
- Erelen (https://melda.ru/locus/)
- ms.Galileo-app (https://ms.galileo-app.com/)
- Custom-maps-sourse (https://custom-map-source.appspot.com/)
-->



<providers>

<provider id="6666015" type="0" visible="true" background="-1">
<name>Global - OSM - Ways</name>
<mode>Mtbmap.cz</mode>
<countries>World</countries>
<usage>cycle</usage>
<url><![CDATA[http://tile.mtbmap.cz/mtbmap_tiles/{z}/{x}/{y}.png]]></url>
<serverPart></serverPart>
<zoomPart>{z}-8</zoomPart>
<zoomMin>8</zoomMin>    <!-- 0 -->
<zoomMax>24</zoomMax>   <!-- 16 -->
<tileSize>256</tileSize>
<extraHeader><![CDATA[User-Agent#Mozilla/5.0 (Windows NT 10.0; Win64; x64) AppleWebKit/537.36 (KHTML, like Gecko) Chrome/57.0.2987.110 Safari/537.36]]></extraHeader>
<attribution><![CDATA[Сборник карт AnyGIS. <a href="https://anygis.ru/Web/Html/Locus">Проверить обновления</a>]]></attribution>
</provider>

</providers>