<?xml version="1.0" encoding="utf-8"?>

<!--
Map pack from AnyGIS.ru
Updated: 07-10-2019 00:14
-->




<providers>

<provider id="6666204" type="0" visible="true" background="-1">
<name>Global - OSM - Ways</name>
<mode>Thunderforest Outdoor</mode>
<countries>World</countries>
<usage>hiking,ski</usage>
<cacheTimeout>720</cacheTimeout>
<url><![CDATA[http://{s}.tile.thunderforest.com/outdoors/{z}/{x}/{y}{ts}.png?apikey=6170aad10dfd42a38d4d8c709a536f38]]></url>
<serverPart>a;b;c</serverPart>
<zoomPart>{z}-8</zoomPart>
<zoomMin>8</zoomMin>    <!-- 0 -->
<zoomMax>30</zoomMax>   <!-- 22 -->
<tileSize>256</tileSize>
<tileScales>
    <tileScale dpi="0" multi="1" replace="" />
    <tileScale dpi="320" multi="2" replace="@2x" />
</tileScales>
<extraHeader><![CDATA[Referer#https://www.openstreetmap.org/]]></extraHeader>
<extraHeader><![CDATA[User-Agent#Mozilla/5.0 (Macintosh; Intel Mac OS X 10_14_6) AppleWebKit/605.1.15 (KHTML, like Gecko) Version/12.1.2 Safari/605.1.15]]></extraHeader>
<attribution><![CDATA[© OpenStreetMap, Thunderforest <br> 	Map pack from AnyGIS.ru. <a href="https://anygis.ru/Web/Html/Changelog_ru">Check for updates</a>]]></attribution>
</provider>

</providers>