<?xml version="1.0" encoding="utf-8"?>

<!--
Map pack from AnyGIS.ru
Updated: 03-09-2019 16:41
-->



<providers>

<provider id="19999023" type="0" visible="false" background="-1">
<name>Global - OSM - Ways</name>
<mode>OpenSnowMap</mode>
<countries>World</countries>
<usage>ski</usage>
<url><![CDATA[http://www.opensnowmap.org/base_snow_map/{z}/{x}/{y}.png]]></url>
<serverPart></serverPart>
<zoomPart>{z}-8</zoomPart>
<zoomMin>8</zoomMin>    <!-- 0 -->
<zoomMax>27</zoomMax>   <!-- 19 -->
<tileSize>256</tileSize>
<extraHeader><![CDATA[Referer#http://www.opensnowmap.org/]]></extraHeader>
<extraHeader><![CDATA[User-Agent#Mozilla/5.0 (Windows NT 10.0; Win64; x64) AppleWebKit/537.36 (KHTML, like Gecko) Chrome/57.0.2987.110 Safari/537.36]]></extraHeader>
<attribution><![CDATA[Сборник карт AnyGIS. <a href="https://anygis.ru/Web/Html/Locus">Проверить обновления</a>]]></attribution>
</provider>

<provider id="6666001" type="0" visible="true" background="19999023">
<name>Global - OSM - Ways</name>
<mode>OpenSnowMap</mode>
<countries>World</countries>
<usage>ski</usage>
<url><![CDATA[http://www.opensnowmap.org/pistes/{z}/{x}/{y}.png]]></url>
<serverPart></serverPart>
<zoomPart>{z}-8</zoomPart>
<zoomMin>8</zoomMin>    <!-- 0 -->
<zoomMax>27</zoomMax>   <!-- 19 -->
<tileSize>256</tileSize>
<extraHeader><![CDATA[Referer#http://www.opensnowmap.org/]]></extraHeader>
<extraHeader><![CDATA[User-Agent#Mozilla/5.0 (Windows NT 10.0; Win64; x64) AppleWebKit/537.36 (KHTML, like Gecko) Chrome/57.0.2987.110 Safari/537.36]]></extraHeader>
<attribution><![CDATA[Сборник карт AnyGIS. <a href="https://anygis.ru/Web/Html/Locus">Проверить обновления</a>]]></attribution>
</provider>

</providers>