<?xml version="1.0" encoding="utf-8"?>

<!--
Map pack from AnyGIS.ru
Updated: 07-01-2020 19:20
-->




<providers>

<provider id="6666201" type="0" visible="true" background="-1">
<name>Global - OSM</name>
<mode>Mapnik</mode>
<countries>World</countries>
<usage>city,hiking</usage>
<cacheTimeout>720</cacheTimeout>
<url><![CDATA[http://{s}.tile.openstreetmap.org/{z}/{x}/{y}.png]]></url>
<serverPart>a;b;c</serverPart>
<zoomPart>{z}-8</zoomPart>
<zoomMin>8</zoomMin>    <!-- 0 -->
<zoomMax>27</zoomMax>   <!-- 19 -->
<tileSize>256</tileSize>

<extraHeader><![CDATA[Referer#https://www.openstreetmap.org/]]></extraHeader>
<extraHeader><![CDATA[User-Agent#Mozilla/5.0 (Macintosh; Intel Mac OS X 10_14_6) AppleWebKit/537.36 (KHTML, like Gecko) Chrome/77.0.3865.90 Safari/537.36]]></extraHeader>
<attribution><![CDATA[© OpenStreetMap <br> 	Map pack from AnyGIS.ru. <a href="https://anygis.ru/Web/Html/Changelog_ru">Check for updates</a>]]></attribution>
</provider>

</providers>