<?xml version="1.0" encoding="utf-8"?>

<!--
Map pack from AnyGIS.ru
Updated: 06-10-2019 22:36
-->




<providers>

<provider id="8888072" type="0" visible="true" background="-1">
<name>Overlay - GPS tracks</name>
<mode>Strava Heatmap - Run and Ride 256 (beta)</mode>
<countries>World</countries>
<usage>overlay</usage>
<cacheTimeout>720</cacheTimeout>
<url><![CDATA[]]></url>
<serverPart>a;b;c</serverPart>
<zoomPart>{z}-8</zoomPart>
<zoomMin>8</zoomMin>    <!-- 0 -->
<zoomMax>24</zoomMax>   <!-- 16 -->
<tileSize>256</tileSize>

<extraHeader><![CDATA[Referer#https://www.strava.com/heatmap]]></extraHeader>
<extraHeader><![CDATA[User-Agent#Mozilla/5.0 (Macintosh; Intel Mac OS X 10_14_6) AppleWebKit/605.1.15 (KHTML, like Gecko) Version/12.1.2 Safari/605.1.15]]></extraHeader>
<attribution><![CDATA[© Strava <br> 	Map pack from AnyGIS.ru. <a href="https://anygis.ru/Web/Html/Changelog_ru">Check for updates</a>]]></attribution>
</provider>

</providers>