<?xml version="1.0" encoding="utf-8"?>

<!--
Map pack from AnyGIS.ru
Updated: 11-10-2019 21:14
-->




<providers>

<provider id="8888025" type="0" visible="true" background="-1">
<name>Overlay - Nautical</name>
<mode>Navionics Marine Charts</mode>
<countries>World</countries>
<usage>overlay</usage>
<cacheTimeout>720</cacheTimeout>
<url><![CDATA[https://anygis.ru/api/v1/Navionics_Marine_Charts_layer/{x}/{y}/{z}]]></url>
<serverPart></serverPart>
<zoomPart>{z}-8</zoomPart>
<zoomMin>8</zoomMin>    <!-- 0 -->
<zoomMax>27</zoomMax>   <!-- 19 -->
<tileSize>256</tileSize>

<extraHeader><![CDATA[Referer#https://webapp.navionics.com/]]></extraHeader>
<extraHeader><![CDATA[User-Agent#Mozilla/5.0 (Macintosh; Intel Mac OS X 10_14_6) AppleWebKit/537.36 (KHTML, like Gecko) Chrome/77.0.3865.90 Safari/537.36]]></extraHeader>
<attribution><![CDATA[© Navionics <br> 	Map pack from AnyGIS.ru. <a href="https://anygis.ru/Web/Html/Changelog_ru">Check for updates</a>]]></attribution>
</provider>

</providers>