<?xml version="1.0" encoding="utf-8"?>

<!--
Map pack from AnyGIS.ru
Updated: 17-01-2020 03:28
-->




<providers>

<provider id="8888078" type="0" visible="true" background="-1">
<name>Overlay - Traffic</name>
<mode>TomTom</mode>
<countries>World</countries>
<usage>overlay</usage>
<cacheTimeout>0</cacheTimeout>
<url><![CDATA[https://{s}-mydrive.api-system.tomtom.com/traffic/map/4/tile/flow/relative/{z}/{x}/{y}.png?key=sATA9OwG11zrMKQcCxR3eSEjj2n8Jsrg]]></url>
<serverPart>a;b;c;d</serverPart>
<zoomPart>{z}-8</zoomPart>
<zoomMin>13</zoomMin>    <!-- 5 -->
<zoomMax>26</zoomMax>   <!-- 18 -->
<tileSize>256</tileSize>

<extraHeader><![CDATA[Referer#https://mydrive.tomtom.com/]]></extraHeader>
<extraHeader><![CDATA[User-Agent#Mozilla/5.0 (Macintosh; Intel Mac OS X 10_14_6) AppleWebKit/537.36 (KHTML, like Gecko) Chrome/77.0.3865.90 Safari/537.36]]></extraHeader>
<attribution><![CDATA[© TomTom <br> 	Map pack from AnyGIS.ru. <a href="https://anygis.ru/Web/Html/Changelog_ru">Check for updates</a>]]></attribution>
</provider>

</providers>