<?xml version="1.0" encoding="utf-8"?>

<!--
Map pack from AnyGIS.ru
Updated: 02-03-2020 20:52
-->




<providers>

<provider id="2030003" type="0" visible="true" background="-1">
<name>Слои - Авто</name>
<mode>Google - Пробки</mode>
<countries>World</countries>
<usage>overlay</usage>
<cacheTimeout>0</cacheTimeout>
<url><![CDATA[http://mt{s}.google.com/vt?hl=ru&lyrs=m@159000000,traffic|seconds_into_week:-1&style=15&x={x}&y={y}&z={z}&{ts}]]></url>
<serverPart>0;1;2;3</serverPart>
<zoomPart>{z}-8</zoomPart>
<zoomMin>8</zoomMin>    <!-- 0 -->
<zoomMax>28</zoomMax>   <!-- 20 -->
<tileSize>256</tileSize>
<tileScales>
    <tileScale dpi="0" multi="1" replace="scale=1" />
    <tileScale dpi="320" multi="2" replace="scale=2" />
</tileScales>
<extraHeader><![CDATA[Referer#https://www.google.com/maps/]]></extraHeader>
<extraHeader><![CDATA[User-Agent#Mozilla/5.0 (Macintosh; Intel Mac OS X 10_14_6) AppleWebKit/537.36 (KHTML, like Gecko) Chrome/77.0.3865.90 Safari/537.36]]></extraHeader>
<attribution><![CDATA[© Google & others <br> 	Map pack from AnyGIS.ru. <a href="https://anygis.ru/Web/Html/Changelog_ru">Check for updates</a>]]></attribution>
</provider>

</providers>