<?xml version="1.0" encoding="utf-8"?>

<!--
Map pack from AnyGIS.ru
Updated: 08-10-2019 10:55
-->




<providers>

<provider id="849999021" type="2" visible="false" background="-1">
<name>Глобальные - Городские</name>
<mode>Yandex Пробки</mode>
<countries>World</countries>
<usage>city, road</usage>
<cacheTimeout>720</cacheTimeout>
<url><![CDATA[https://vec0{s}.maps.yandex.net/tiles?l=map&x={x}&y={y}&z={z}&scale={ts}&lang=ru-RU]]></url>
<serverPart>1;2;3;4</serverPart>
<zoomPart>{z}-8</zoomPart>
<zoomMin>8</zoomMin>    <!-- 0 -->
<zoomMax>27</zoomMax>   <!-- 19 -->
<tileSize>256</tileSize>
<tileScales>
    <tileScale dpi="0" multi="1" replace="1" />
    <tileScale dpi="320" multi="2" replace="2" />
</tileScales>
<extraHeader><![CDATA[Referer#https://yandex.ru/maps/]]></extraHeader>
<extraHeader><![CDATA[User-Agent#Mozilla/5.0 (Macintosh; Intel Mac OS X 10_14_6) AppleWebKit/537.36 (KHTML, like Gecko) Chrome/77.0.3865.90 Safari/537.36]]></extraHeader>
<attribution><![CDATA[  <br> 	Map pack from AnyGIS.ru. <a href="https://anygis.ru/Web/Html/Changelog_ru">Check for updates</a>]]></attribution>
</provider>

<provider id="468084" type="2" visible="true" background="849999021">
<name>Глобальные - Городские</name>
<mode>Yandex Пробки</mode>
<countries>World</countries>
<usage>road</usage>
<cacheTimeout>720</cacheTimeout>
<url><![CDATA[https://anygis.ru/api/v1/Yandex_traffic_layer_WGS84/{x}/{y}/{z}]]></url>
<serverPart></serverPart>
<zoomPart>{z}-8</zoomPart>
<zoomMin>8</zoomMin>    <!-- 0 -->
<zoomMax>27</zoomMax>   <!-- 19 -->
<tileSize>256</tileSize>
<tileScales>
    <tileScale dpi="0" multi="1" replace="1" />
    <tileScale dpi="320" multi="2" replace="2" />
</tileScales>
<extraHeader><![CDATA[Referer#https://yandex.ru/maps/]]></extraHeader>
<extraHeader><![CDATA[User-Agent#Mozilla/5.0 (Macintosh; Intel Mac OS X 10_14_6) AppleWebKit/537.36 (KHTML, like Gecko) Chrome/77.0.3865.90 Safari/537.36]]></extraHeader>
<attribution><![CDATA[© Яндекс <br> 	Map pack from AnyGIS.ru. <a href="https://anygis.ru/Web/Html/Changelog_ru">Check for updates</a>]]></attribution>
</provider>

</providers>