<?xml version="1.0" encoding="utf-8"?>

<!--
Map pack from AnyGIS.ru
Updated: 07-01-2020 19:32
-->




<providers>

<provider id="119999045" type="0" visible="false" background="-1">
<name>Глобальные - OSM - Треки</name>
<mode>Strava Heatmap - Велоспорт</mode>
<countries>World</countries>
<usage>city</usage>
<cacheTimeout>2160</cacheTimeout>
<url><![CDATA[https://{s}.tiles.mapbox.com/v4/mapquest.dark-mb/{z}/{x}/{y}@2x.png?access_token=pk.eyJ1IjoibWFwcXVlc3QiLCJhIjoiY2Q2N2RlMmNhY2NiZTRkMzlmZjJmZDk0NWU0ZGJlNTMifQ.mPRiEubbajc6a5y9ISgydg]]></url>
<serverPart>a;b;c</serverPart>
<zoomPart>{z}-8</zoomPart>
<zoomMin>8</zoomMin>    <!-- 0 -->
<zoomMax>27</zoomMax>   <!-- 19 -->
<tileSize>256</tileSize>

<extraHeader><![CDATA[User-Agent#Mozilla/5.0 (Macintosh; Intel Mac OS X 10_14_6) AppleWebKit/537.36 (KHTML, like Gecko) Chrome/77.0.3865.90 Safari/537.36]]></extraHeader>
<attribution><![CDATA[  <br> 	Map pack from AnyGIS.ru. <a href="https://anygis.ru/Web/Html/Changelog_ru">Check for updates</a>]]></attribution>
</provider>

<provider id="6666011" type="0" visible="true" background="119999045">
<name>Глобальные - OSM - Треки</name>
<mode>Strava Heatmap - Велоспорт</mode>
<countries>World</countries>
<usage>cycle</usage>
<cacheTimeout>720</cacheTimeout>
<url><![CDATA[https://anygis.ru/api/v1/Tracks_Strava_Ride_HD/{x}/{y}/{z}?locusScale={ts}]]></url>
<serverPart></serverPart>
<zoomPart>{z}-8</zoomPart>
<zoomMin>8</zoomMin>    <!-- 0 -->
<zoomMax>23</zoomMax>   <!-- 15 -->
<tileSize>256</tileSize>
<tileScales>
    <tileScale dpi="0" multi="2" replace="" />
</tileScales>
<extraHeader><![CDATA[Referer#https://www.strava.com/heatmap]]></extraHeader>
<extraHeader><![CDATA[User-Agent#Mozilla/5.0 (Macintosh; Intel Mac OS X 10_14_6) AppleWebKit/537.36 (KHTML, like Gecko) Chrome/77.0.3865.90 Safari/537.36]]></extraHeader>
<attribution><![CDATA[© Strava <br> 	Map pack from AnyGIS.ru. <a href="https://anygis.ru/Web/Html/Changelog_ru">Check for updates</a>]]></attribution>
</provider>

</providers>