<?xml version="1.0" encoding="utf-8"?>

<!--
Map pack from AnyGIS.ru
Updated: 03-09-2019 17:15
-->




<providers>

<provider id="412043" type="0" visible="true" background="-1">
<name>Глобальные - Справочные</name>
<mode>Nakarte.me - Перевалы Вестра</mode>
<countries>World</countries>
<usage>hiking</usage>
<url><![CDATA[https://anygis.ru/server/Nakarte_Westra/{x}/{y}/{z}]]></url>
<serverPart></serverPart>
<zoomPart>{z}-8</zoomPart>
<zoomMin>8</zoomMin>    <!-- 0 -->
<zoomMax>26</zoomMax>   <!-- 18 -->
<tileSize>256</tileSize>
<extraHeader><![CDATA[User-Agent#Mozilla/5.0 (Windows NT 10.0; Win64; x64) AppleWebKit/537.36 (KHTML, like Gecko) Chrome/57.0.2987.110 Safari/537.36]]></extraHeader>
<attribution><![CDATA[Map pack from AnyGIS.r. <a href="https://anygis.ru/Web/Html/Description_ru">Check for updates</a>]]></attribution>
</provider>

</providers>