<?xml version="1.0" encoding="utf-8"?>

<!--
Комплект карт "AnyGIS" для навигатора Locus Maps.
https://nnngrach.github.io/AnyGIS_maps/Web/Html/Locus

Составитель: AnyGIS (anygis@bk.ru).
Файл обновлен: 21-08-2019 23:51

Сделан на основе наборов карт от:
- SAS.planet (http://www.sasgis.org/)
- Erelen (https://melda.ru/locus/)
- ms.Galileo-app (https://ms.galileo-app.com/)
- Custom-maps-sourse (https://custom-map-source.appspot.com/)
-->



<providers>

<provider id="8888019" type="2" visible="true" background="-1">
<name>Overlay</name>
<mode>Yandex Надписи</mode>
<countries>World</countries>
<usage>overlay</usage>
<url><![CDATA[https://vec0{s}.maps.yandex.net/tiles?l=skl&x={x}&y={y}&z={z}]]></url>
<serverPart>1;2;3;4</serverPart>
<zoomPart>{z}-8</zoomPart>
<zoomMin>8</zoomMin>    <!-- 0 -->
<zoomMax>27</zoomMax>   <!-- 19 -->
<tileSize>256</tileSize>
<extraHeader><![CDATA[Referer#https://maps.yandex.ru/]]></extraHeader>
<extraHeader><![CDATA[User-Agent#Mozilla/5.0 (Windows NT 10.0; Win64; x64) AppleWebKit/537.36 (KHTML, like Gecko) Chrome/57.0.2987.110 Safari/537.36]]></extraHeader>
<attribution><![CDATA[Сборник карт AnyGIS. <a href="https://nnngrach.github.io/AnyGIS_maps/Web/Html/Locus">Проверить обновления</a>]]></attribution>
</provider>

</providers>