<?xml version="1.0" encoding="utf-8"?>

<!--
Map pack from AnyGIS.ru
Updated: 24-10-2019 23:33
-->




<providers>

<provider id="8888068" type="0" visible="true" background="-1">
<name>Overlay - Надписи и дороги</name>
<mode>Mapbox - Гибрид</mode>
<countries>World</countries>
<usage>overlay</usage>
<cacheTimeout>720</cacheTimeout>
<url><![CDATA[http://{s}.tiles.mapbox.com/v4/openstreetmap.map-inh76ba2/{z}/{x}/{y}.png?access_token=pk.eyJ1Ijoib3BlbnN0cmVldG1hcCIsImEiOiJjaml5MjVyb3MwMWV0M3hxYmUzdGdwbzE4In0.q548FjhsSJzvXsGlPsFxAQ]]></url>
<serverPart>a;b;c;d</serverPart>
<zoomPart>{z}-8</zoomPart>
<zoomMin>8</zoomMin>    <!-- 0 -->
<zoomMax>30</zoomMax>   <!-- 22 -->
<tileSize>256</tileSize>

<extraHeader><![CDATA[User-Agent#Mozilla/5.0 (Macintosh; Intel Mac OS X 10_14_6) AppleWebKit/537.36 (KHTML, like Gecko) Chrome/77.0.3865.90 Safari/537.36]]></extraHeader>
<attribution><![CDATA[© Mapbox <br> 	Map pack from AnyGIS.ru. <a href="https://anygis.ru/Web/Html/Changelog_ru">Check for updates</a>]]></attribution>
</provider>

</providers>