<?xml version="1.0" encoding="utf-8"?>
<!--
Комплект карт "AnyGIS" для навигатора Locus (https://nnngrach.github.io/map-sources/Web/Html/Locus)
Сделан на основе SAS.planet и набора карт от Erelen'a (https://melda.ru/locus/)
Составитель: AnyGIS (anygis@bk.ru)
(02.02.19)

Карты для городского использования
-->

<providers>

	<provider id="10083" type="2" visible="true" background="-1">
		<name>Global - City</name>
		<mode>Yandex Narod</mode>
		<countries>World</countries>
		<usage>city,road</usage>
		<url><![CDATA[https://{s}.rdr.um.maps.yandex.net/?x={x}&y={y}&z={z}&l=mpmap&sl=104,210342,210370,211777,211818,211939,211993,212001,212015,212019,212026,212032,212081,212216,300024,300026,300198,300270,300285,300292,300330,300337,300344,300351,300358,300365,300372,300379,300386,300393,300400,300406,300407,300468,300472,300523,300641,300651,300661,300931,300939,300954,300969,300993,301050,301084,301125,301135,301155,301164,301183,301275,301383,301388,301494,301501,301520,301596,301676,301685,301700,301773,302053,302080,302089,302090,302107,302526,5300026,5400032,5400052,5400061,70300182,70300190]]></url>
		<serverPart>01;02;03;04</serverPart>
		<zoomPart>{z}-8</zoomPart>
		<zoomMin>8</zoomMin>
		<zoomMax>29</zoomMax> <!-- Max: 22+8 -->
		<tileSize>256</tileSize>
		<attribution><![CDATA[Народная карта © Яндекс]]></attribution>
		<extraHeader><![CDATA[User-Agent#Mozilla/5.0 (Windows NT 10.0; Win64; x64) AppleWebKit/537.36 (KHTML, like Gecko) Chrome/57.0.2987.110 Safari/537.36]]></extraHeader>
		<extraHeader><![CDATA[Referer#https://maps.yandex.ru/]]></extraHeader>
	</provider>

</providers>
