<?xml version="1.0" encoding="utf-8"?>
<!--
Комплект карт "AnyGIS" для навигатора Locus (https://nnngrach.github.io/map-sources/Web/Html/Locus)
Сделан на основе SAS.planet и набора карт от Erelen'a (https://melda.ru/locus/)
Составитель: AnyGIS (anygis@bk.ru)
(02.02.19)

Цифровые карты на основе OpenStreenMaps
-->

<providers>

	<provider id="10210" type="0" visible="true" background="-1">
		<name>Global - OSM</name>
		<mode>Спутник.ру</mode>
		<countries>Russia</countries>
		<usage>city,road</usage>
		<url><![CDATA[https://tilessputnik.ru/{z}/{x}/{y}.png]]></url>
		<zoomPart>{z}-8</zoomPart>
		<zoomMin>8</zoomMin>
		<zoomMax>27</zoomMax> <!-- Max: 19+8 -->
		<tileSize>256</tileSize>
		<attribution><![CDATA[© Openstreetmap, Спутник]]></attribution>
		<extraHeader><![CDATA[User-Agent#Mozilla/5.0 (Windows NT 10.0; Win64; x64) AppleWebKit/537.36 (KHTML, like Gecko) Chrome/57.0.2987.110 Safari/537.36]]></extraHeader>
		<extraHeader><![CDATA[Referer#http://maps.sputnik.ru/]]></extraHeader>
	</provider>

</providers>