<?xml version="1.0" encoding="utf-8"?>

<!--
Map pack from AnyGIS.ru
Updated: 29-02-2020 18:11
-->




<providers>

<provider id="1054403" type="0" visible="true" background="-1">
<name>Hike - Europe - Western</name>
<mode>France Topo IGN.fr</mode>
<countries>France</countries>
<usage>hiking</usage>
<cacheTimeout>720</cacheTimeout>
<url><![CDATA[https://wxs.ign.fr/an7nvfzojv5wa96dsga5nk8w/geoportail/wmts?layer=GEOGRAPHICALGRIDSYSTEMS.MAPS.SCAN25TOUR.CV&style=normal&tilematrixset=PM&Service=WMTS&Request=GetTile&Version=1.0.0&Format=image%2Fjpeg&TileMatrix={z}&TileCol={x}&TileRow={y}]]></url>
<serverPart></serverPart>
<zoomPart>{z}-8</zoomPart>
<zoomMin>14</zoomMin>    <!-- 6 -->
<zoomMax>24</zoomMax>   <!-- 16 -->
<tileSize>256</tileSize>

<extraHeader><![CDATA[User-Agent#Mozilla/5.0 (Macintosh; Intel Mac OS X 10_14_6) AppleWebKit/537.36 (KHTML, like Gecko) Chrome/77.0.3865.90 Safari/537.36]]></extraHeader>
<attribution><![CDATA[© IGN.fr <br> 	Map pack from AnyGIS.ru. <a href="https://anygis.ru/Web/Html/Changelog_ru">Check for updates</a>]]></attribution>
</provider>

</providers>