<?xml version="1.0" encoding="utf-8"?>





<providers>

<provider id="1053505" type="1" visible="true" background="-1">
<name>Hike - Eurasia - Other</name>
<mode>Slazav Mountains</mode>
<countries>Russia</countries>
<usage>hiking</usage>
<cacheTimeout>99999</cacheTimeout>
<url><![CDATA[https://tiles.nakarte.me/map_hr/{z}/{x}/{y}]]></url>
<serverPart></serverPart>
<zoomPart>{z}-8</zoomPart>
<zoomMin>8</zoomMin>    <!-- 0 -->
<zoomMax>21</zoomMax>   <!-- 13 -->
<tileSize>256</tileSize>

<extraHeader><![CDATA[Referer#https://anygis.ru/]]></extraHeader>
<extraHeader><![CDATA[User-Agent#Mozilla/5.0 (Macintosh; Intel Mac OS X 10_14_6) AppleWebKit/537.36 (KHTML, like Gecko) Chrome/77.0.3865.90 Safari/537.36]]></extraHeader>
<attribution><![CDATA[© Slazav <br> 	Map pack from AnyGIS.ru. <a href="https://anygis.ru/Web/Html/Changelog_ru">Check for updates</a>]]></attribution>
</provider>

</providers>