<?xml version="1.0" encoding="utf-8"?>

<!--
Map pack from AnyGIS.ru
Updated: 01-03-2020 20:56
-->




<providers>

<provider id="1111701" type="0" visible="true" background="-1">
<name>Hystoric - Eurasia - Siberian</name>
<mode>Irkutsk 5km 1980</mode>
<countries>Russia</countries>
<usage>city</usage>
<cacheTimeout>99999</cacheTimeout>
<url><![CDATA[http://www.retromap.ru/tiles/r/8/1419801/Z{z}/{y}/{x}.jpg]]></url>
<serverPart></serverPart>
<zoomPart>{z}-8</zoomPart>
<zoomMin>15</zoomMin>    <!-- 7 -->
<zoomMax>19</zoomMax>   <!-- 11 -->
<tileSize>256</tileSize>

<extraHeader><![CDATA[Referer#http://www.retromap.ru/m/]]></extraHeader>
<extraHeader><![CDATA[User-Agent#Mozilla/5.0 (Macintosh; Intel Mac OS X 10_14_6) AppleWebKit/537.36 (KHTML, like Gecko) Chrome/77.0.3865.90 Safari/537.36]]></extraHeader>
<attribution><![CDATA[© Retromap.ru <br> 	Map pack from AnyGIS.ru. <a href="https://anygis.ru/Web/Html/Changelog_ru">Check for updates</a>]]></attribution>
</provider>

</providers>