<?xml version="1.0" encoding="utf-8"?>

<!--
Map pack from AnyGIS.ru
Updated: 29-02-2020 21:16
-->




<providers>

<provider id="19999048" type="1" visible="false" background="-1">
<name>Overlay - Hike - Europe - Northern</name>
<mode>Hitta Frilufts + Skoterleder</mode>
<countries>Sweden</countries>
<usage>hiking</usage>
<cacheTimeout>720</cacheTimeout>
<url><![CDATA[http://static.hitta.se/tile/v3/4_2x/{z}/{x}/{y}]]></url>
<serverPart></serverPart>
<zoomPart>{z}-8</zoomPart>
<zoomMin>8</zoomMin>    <!-- 0 -->
<zoomMax>30</zoomMax>   <!-- 22 -->
<tileSize>256</tileSize>

<extraHeader><![CDATA[User-Agent#Mozilla/5.0 (Macintosh; Intel Mac OS X 10_14_6) AppleWebKit/537.36 (KHTML, like Gecko) Chrome/77.0.3865.90 Safari/537.36]]></extraHeader>
<attribution><![CDATA[© Hitta <br> 	Map pack from AnyGIS.ru. <a href="https://anygis.ru/Web/Html/Changelog_ru">Check for updates</a>]]></attribution>
</provider>

<provider id="2054201" type="0" visible="true" background="19999048">
<name>Overlay - Hike - Europe - Northern</name>
<mode>Hitta Frilufts + Skoterleder</mode>
<countries>Sweden</countries>
<usage>overlay</usage>
<cacheTimeout>720</cacheTimeout>
<url><![CDATA[https://overl.skoterleder.org/tiles/{z}/{x}/{y}.png]]></url>
<serverPart></serverPart>
<zoomPart>{z}-8</zoomPart>
<zoomMin>8</zoomMin>    <!-- 0 -->
<zoomMax>30</zoomMax>   <!-- 22 -->
<tileSize>256</tileSize>

<extraHeader><![CDATA[User-Agent#Mozilla/5.0 (Macintosh; Intel Mac OS X 10_14_6) AppleWebKit/537.36 (KHTML, like Gecko) Chrome/77.0.3865.90 Safari/537.36]]></extraHeader>
<attribution><![CDATA[© Hitta <br> 	Map pack from AnyGIS.ru. <a href="https://anygis.ru/Web/Html/Changelog_ru">Check for updates</a>]]></attribution>
</provider>

</providers>