<?xml version="1.0" encoding="utf-8"?>

<!--
Map pack from AnyGIS.ru
Updated: 02-03-2020 20:52
-->




<providers>

<provider id="2081511" type="2" visible="true" background="-1">
<name>Overlay - Info - Eurasia - Mobile</name>
<mode>Yota 4G</mode>
<countries>Russia</countries>
<usage>overlay</usage>
<cacheTimeout>8760</cacheTimeout>
<url><![CDATA[https://map.yota.ru/tiles/lte/{z}/{x}/{y}.png]]></url>
<serverPart></serverPart>
<zoomPart>{z}-8</zoomPart>
<zoomMin>11</zoomMin>    <!-- 3 -->
<zoomMax>21</zoomMax>   <!-- 13 -->
<tileSize>256</tileSize>

<extraHeader><![CDATA[Referer#https://www.yota.ru/map?mode=cover&filter=2g,3g,4g]]></extraHeader>
<extraHeader><![CDATA[User-Agent#Mozilla/5.0 (Macintosh; Intel Mac OS X 10_14_6) AppleWebKit/537.36 (KHTML, like Gecko) Chrome/77.0.3865.90 Safari/537.36]]></extraHeader>
<attribution><![CDATA[© Yota <br> 	Map pack from AnyGIS.ru. <a href="https://anygis.ru/Web/Html/Changelog_ru">Check for updates</a>]]></attribution>
</provider>

</providers>