<?xml version="1.0" encoding="utf-8"?>

<!--
Map pack from AnyGIS.ru
Updated: 29-02-2020 21:16
-->




<providers>

<provider id="2081524" type="2" visible="true" background="-1">
<name>Overlay - Info - Eurasia - Mobile</name>
<mode>MTS 4G Planned</mode>
<countries>Russia</countries>
<usage>overlay</usage>
<cacheTimeout>8760</cacheTimeout>
<url><![CDATA[https://tiles.qsupport.mts.ru/lte_plan_New/{z}/{x}/{y}]]></url>
<serverPart></serverPart>
<zoomPart>{z}-8</zoomPart>
<zoomMin>11</zoomMin>    <!-- 3 -->
<zoomMax>20</zoomMax>   <!-- 12 -->
<tileSize>256</tileSize>

<extraHeader><![CDATA[Referer#https://moskva.mts.ru/personal/podderzhka/zoni-obsluzhivaniya/nasha-set/]]></extraHeader>
<extraHeader><![CDATA[User-Agent#Mozilla/5.0 (Macintosh; Intel Mac OS X 10_14_6) AppleWebKit/537.36 (KHTML, like Gecko) Chrome/77.0.3865.90 Safari/537.36]]></extraHeader>
<attribution><![CDATA[© ПАО «МТС» <br> 	Map pack from AnyGIS.ru. <a href="https://anygis.ru/Web/Html/Changelog_ru">Check for updates</a>]]></attribution>
</provider>

</providers>