<?xml version="1.0" encoding="utf-8"?>

<!--
Map pack from AnyGIS.ru
Updated: 02-03-2020 20:52
-->




<providers>

<provider id="2010003" type="0" visible="true" background="-1">
<name>Overlay - Relief</name>
<mode>Windy.com</mode>
<countries>World</countries>
<usage>overlay</usage>
<cacheTimeout>99999</cacheTimeout>
<url><![CDATA[https://tiles.windy.com/tiles/v8.1/darkmap/{z}/{x}/{y}.png]]></url>
<serverPart></serverPart>
<zoomPart>{z}-8</zoomPart>
<zoomMin>8</zoomMin>    <!-- 0 -->
<zoomMax>19</zoomMax>   <!-- 11 -->
<tileSize>256</tileSize>

<extraHeader><![CDATA[User-Agent#Mozilla/5.0 (Macintosh; Intel Mac OS X 10_14_6) AppleWebKit/537.36 (KHTML, like Gecko) Chrome/77.0.3865.90 Safari/537.36]]></extraHeader>
<attribution><![CDATA[© Windy.com <br> 	Map pack from AnyGIS.ru. <a href="https://anygis.ru/Web/Html/Changelog_ru">Check for updates</a>]]></attribution>
</provider>

</providers>