<?xml version="1.0" encoding="utf-8"?>

<!--
Map pack from AnyGIS.ru
Updated: 29-02-2020 13:21
-->




<providers>

<provider id="2010002" type="0" visible="true" background="-1">
<name>Overlay - Relief</name>
<mode>Waymarkedtrails.org</mode>
<countries>World</countries>
<usage>overlay</usage>
<cacheTimeout>99999</cacheTimeout>
<url><![CDATA[https://anygis.ru/api/v1/Hillshade_Waymarkedtrails/{x}/{y}/{z}]]></url>
<serverPart></serverPart>
<zoomPart>{z}-8</zoomPart>
<zoomMin>8</zoomMin>    <!-- 0 -->
<zoomMax>27</zoomMax>   <!-- 19 -->
<tileSize>256</tileSize>

<extraHeader><![CDATA[User-Agent#Mozilla/5.0 (Macintosh; Intel Mac OS X 10_14_6) AppleWebKit/537.36 (KHTML, like Gecko) Chrome/77.0.3865.90 Safari/537.36]]></extraHeader>
<attribution><![CDATA[© WayMarkeredTrails <br> 	Map pack from AnyGIS.ru. <a href="https://anygis.ru/Web/Html/Changelog_ru">Check for updates</a>]]></attribution>
</provider>

</providers>