<?xml version="1.0" encoding="utf-8"?>





<providers>

<provider id="1012201" type="1" visible="true" background="-1">
<name>Satellites</name>
<mode>🛰 = 🇸🇪 - Eniro</mode>
<countries>Sweden, Norway</countries>
<usage>photo</usage>
<cacheTimeout>2160</cacheTimeout>
<url><![CDATA[http://map0{s}.eniro.no/geowebcache/service/tms1.0.0/aerial/{z}/{x}/{y}.jpeg]]></url>
<serverPart>1;2;3;4</serverPart>
<zoomPart>{z}-8</zoomPart>
<zoomMin>8</zoomMin>    <!-- 0 -->
<zoomMax>30</zoomMax>   <!-- 22 -->
<tileSize>256</tileSize>

<extraHeader><![CDATA[User-Agent#Mozilla/5.0 (Macintosh; Intel Mac OS X 10_14_6) AppleWebKit/537.36 (KHTML, like Gecko) Chrome/77.0.3865.90 Safari/537.36]]></extraHeader>
<attribution><![CDATA[© Eniro <br> 	Map pack from AnyGIS.ru. <a href="https://anygis.ru/Web/Html/Changelog_ru">Check for updates</a>]]></attribution>
</provider>

</providers>