<?xml version="1.0" encoding="utf-8"?>

<!--
Map pack from AnyGIS.ru
Updated: 08-09-2019 21:41
-->




<providers>

<provider id="190006" type="0" visible="true" background="-1">
<name>Eurasia - Rivers</name>
<mode>Volga and Kama rivers location</mode>
<countries>Russia</countries>
<usage>nautical</usage>
<url><![CDATA[https://anygis.ru/api/v1/Local_River_Volga/{x}/{y}/{z}]]></url>
<serverPart></serverPart>
<zoomPart>{z}-8</zoomPart>
<zoomMin>15</zoomMin>    <!-- 7 -->
<zoomMax>23</zoomMax>   <!-- 15 -->
<tileSize>256</tileSize>
<extraHeader><![CDATA[Referer#https://gmap.camapka.ru/]]></extraHeader>
<extraHeader><![CDATA[User-Agent#Mozilla/5.0 (Windows NT 10.0; Win64; x64) AppleWebKit/537.36 (KHTML, like Gecko) Chrome/57.0.2987.110 Safari/537.36]]></extraHeader>
<attribution><![CDATA[Map pack from AnyGIS.r. <a href="https://anygis.ru/Web/Html/Changelog_ru">Check for updates</a>]]></attribution>
</provider>

</providers>