<?xml version="1.0" encoding="utf-8"?>

<!--
Map pack from AnyGIS.ru
Updated: 03-09-2019 16:41
-->



<providers>

<provider id="354011" type="1" visible="true" background="-1">
<name>Eurasia - Hiking - Caucasus</name>
<mode>Caucasus 500m</mode>
<countries>Russia</countries>
<usage>hiking</usage>
<url><![CDATA[https://tiles.nakarte.me/new_gsh_050k/{z}/{x}/{y}]]></url>
<serverPart></serverPart>
<zoomPart>{z}-8</zoomPart>
<zoomMin>8</zoomMin>    <!-- 0 -->
<zoomMax>23</zoomMax>   <!-- 15 -->
<tileSize>256</tileSize>
<extraHeader><![CDATA[Referer#http://tiles.nakarte.tk/]]></extraHeader>
<extraHeader><![CDATA[User-Agent#Mozilla/5.0 (Windows NT 10.0; Win64; x64) AppleWebKit/537.36 (KHTML, like Gecko) Chrome/57.0.2987.110 Safari/537.36]]></extraHeader>
<attribution><![CDATA[Сборник карт AnyGIS. <a href="https://anygis.ru/Web/Html/Locus">Проверить обновления</a>]]></attribution>
</provider>

</providers>