<?xml version="1.0" encoding="utf-8"?>

<!--
Комплект карт "AnyGIS" для навигатора Locus Maps.
https://anygis.ru/Web/Html/Locus

Составитель: AnyGIS (anygis@bk.ru).
Файл обновлен: 27-08-2019 22:03

Сделан на основе наборов карт от:
- SAS.planet (https://www.sasgis.org/)
- Erelen (https://melda.ru/locus/)
- ms.Galileo-app (https://ms.galileo-app.com/)
- Custom-maps-sourse (https://custom-map-source.appspot.com/)
-->

<!--
Дорогой друг, читающий исходники!

		Если ты собираешься использовать эти карты сотового покрытия в какой-либо
		ещё программе, проекте, или каким-либо другим образом планируешь их выкачивать
		в больших объёмах - очень тебя прошу, свяжись, пожалуйста, сначала со мной:

			https://melda.ru/contacts/

		Массовая генерация этих карт создаёт ощутимую нагрузку на мой сервер. И если эта
		нагрузка будет создавать мне сложности - я очень расстроюсь. Но если сперва всё
		обсудить - мы обязательно найдём устраивающее всех решение.

		Заранее спасибо за понимание и этичность в использовании чужих ресурсов.
-->


<providers>

<provider id="10720" type="2" visible="true" background="-1">
<name>Eurasia - Info</name>
<mode>Mobile Yota</mode>
<countries>Russia</countries>
<usage>overlay</usage>
<url><![CDATA[https://maps.melda.ru/mobile/yota/{z}/{x}/{y}.png]]></url>
<serverPart></serverPart>
<zoomPart>{z}-8</zoomPart>
<zoomMin>8</zoomMin>    <!-- 0 -->
<zoomMax>20</zoomMax>   <!-- 12 -->
<tileSize>256</tileSize>
<extraHeader><![CDATA[Referer#https://anygis.herokuapp.com/]]></extraHeader>
<extraHeader><![CDATA[User-Agent#Mozilla/5.0 (Windows NT 10.0; Win64; x64) AppleWebKit/537.36 (KHTML, like Gecko) Chrome/57.0.2987.110 Safari/537.36]]></extraHeader>
<attribution><![CDATA[Сборник карт AnyGIS. <a href="https://anygis.ru/Web/Html/Locus">Проверить обновления</a>]]></attribution>
</provider>

</providers>