<?xml version="1.0" encoding="utf-8"?>

<!--
Map pack from AnyGIS.ru
Updated: 07-01-2020 19:20
-->




<providers>

<provider id="101004" type="0" visible="true" background="-1">
<name>Eurasia - Hiking - Moscow Region</name>
<mode>MoscowMap.ru</mode>
<countries>Russia</countries>
<usage>hiking</usage>
<cacheTimeout>8760</cacheTimeout>
<url><![CDATA[http://www.moscowmap.ru/leaflet/tiles/{z}/{x}/{y}.png]]></url>
<serverPart></serverPart>
<zoomPart>{z}-8</zoomPart>
<zoomMin>17</zoomMin>    <!-- 9 -->
<zoomMax>25</zoomMax>   <!-- 17 -->
<tileSize>256</tileSize>

<extraHeader><![CDATA[Referer#https://www.moscowmap.ru/imap_moscow.shtml]]></extraHeader>
<extraHeader><![CDATA[User-Agent#Mozilla/5.0 (Macintosh; Intel Mac OS X 10_14_6) AppleWebKit/537.36 (KHTML, like Gecko) Chrome/77.0.3865.90 Safari/537.36]]></extraHeader>
<attribution><![CDATA[© Moscowmap.ru <br> 	Map pack from AnyGIS.ru. <a href="https://anygis.ru/Web/Html/Changelog_ru">Check for updates</a>]]></attribution>
</provider>

</providers>