<?xml version="1.0" encoding="utf-8"?>

<!--
Map pack from AnyGIS.ru
Updated: 30-09-2019 01:17
-->




<providers>

<provider id="720009" type="0" visible="true" background="-1">
<name>Eurasia - Hiking - Other</name>
<mode>Chepezk cycle map</mode>
<countries>Russia</countries>
<usage>hiking</usage>
<url><![CDATA[http://ingreelab.net/A52CEA6D090B666F0A2C6A85A53832F128B6CAED/{z}/{x}/{y}.png]]></url>
<serverPart></serverPart>
<zoomPart>{z}-8</zoomPart>
<zoomMin>10</zoomMin>    <!-- 2 -->
<zoomMax>27</zoomMax>   <!-- 19 -->
<tileSize>256</tileSize>
<extraHeader><![CDATA[User-Agent#Mozilla/5.0 (Windows NT 10.0; Win64; x64) AppleWebKit/537.36 (KHTML, like Gecko) Chrome/57.0.2987.110 Safari/537.36]]></extraHeader>
<attribution><![CDATA[Map pack from AnyGIS.ru. <a href="https://anygis.ru/Web/Html/Changelog_ru">Check for updates</a>]]></attribution>
</provider>

</providers>