<?xml version="1.0" encoding="utf-8"?>

<!--
Map pack from AnyGIS.ru
Updated: 03-09-2019 18:39
-->




<providers>

<provider id="424004" type="0" visible="true" background="-1">
<name>Eurasia - Hiking - Multylayer</name>
<mode>Marshruty.ru</mode>
<countries>Russia</countries>
<usage>hiking</usage>
<url><![CDATA[http://maps.marshruty.ru/ml.ashx?al=1&x={x}&y={y}&z={z}&i=1]]></url>
<serverPart></serverPart>
<zoomPart>{z}-8</zoomPart>
<zoomMin>8</zoomMin>    <!-- 0 -->
<zoomMax>23</zoomMax>   <!-- 15 -->
<tileSize>256</tileSize>
<extraHeader><![CDATA[Referer#http://maps.marshruty.ru/]]></extraHeader>
<extraHeader><![CDATA[User-Agent#Mozilla/5.0 (Windows NT 10.0; Win64; x64) AppleWebKit/537.36 (KHTML, like Gecko) Chrome/57.0.2987.110 Safari/537.36]]></extraHeader>
<attribution><![CDATA[Map pack from AnyGIS.r. <a href="https://anygis.ru/Web/Html/Changelog_ru">Check for updates</a>]]></attribution>
</provider>

</providers>