<?xml version="1.0" encoding="utf-8"?>

<!--
Map pack from AnyGIS.ru
Updated: 03-09-2019 17:15
-->




<providers>

<provider id="424002" type="0" visible="true" background="-1">
<name>Eurasia - Topo - GGC</name>
<mode>GGC Compilation</mode>
<countries>Russia</countries>
<usage>hiking</usage>
<url><![CDATA[https://anygis.ru/server/Combo_Best_GGC/{x}/{y}/{z}]]></url>
<serverPart></serverPart>
<zoomPart>{z}-8</zoomPart>
<zoomMin>8</zoomMin>    <!-- 0 -->
<zoomMax>23</zoomMax>   <!-- 15 -->
<tileSize>256</tileSize>
<extraHeader><![CDATA[Referer#http://tiles.nakarte.tk/]]></extraHeader>
<extraHeader><![CDATA[User-Agent#Mozilla/5.0 (Windows NT 10.0; Win64; x64) AppleWebKit/537.36 (KHTML, like Gecko) Chrome/57.0.2987.110 Safari/537.36]]></extraHeader>
<attribution><![CDATA[Map pack from AnyGIS.r. <a href="https://anygis.ru/Web/Html/Description_ru">Check for updates</a>]]></attribution>
</provider>

</providers>