<?xml version="1.0" encoding="utf-8"?>

<!--
Комплект карт "AnyGIS" для навигатора Locus Maps.
https://anygis.ru/Web/Html/Locus

Составитель: AnyGIS (anygis@bk.ru).
Файл обновлен: 27-08-2019 22:03

Сделан на основе наборов карт от:
- SAS.planet (https://www.sasgis.org/)
- Erelen (https://melda.ru/locus/)
- ms.Galileo-app (https://ms.galileo-app.com/)
- Custom-maps-sourse (https://custom-map-source.appspot.com/)
-->

<!--
Многослойная карта для пешего и горного туризма по России и ближнему зарубежью. Подробнее:
https://nnngrach.github.io/map-sources/Web/Html/RusOutdoor
-->


<providers>

<provider id="424007" type="0" visible="true" background="-1">
<name>Eurasia - Hiking - Multylayer</name>
<mode>RusOutdoor maps (lite)</mode>
<countries>Russia</countries>
<usage>hiking</usage>
<url><![CDATA[https://anygis.ru/server/Combo_RusOutdoor_lite/{x}/{y}/{z}]]></url>
<serverPart></serverPart>
<zoomPart>{z}-8</zoomPart>
<zoomMin>8</zoomMin>    <!-- 0 -->
<zoomMax>30</zoomMax>   <!-- 22 -->
<tileSize>256</tileSize>
<extraHeader><![CDATA[Referer#https://anygis.herokuapp.com/]]></extraHeader>
<extraHeader><![CDATA[User-Agent#Mozilla/5.0 (Windows NT 10.0; Win64; x64) AppleWebKit/537.36 (KHTML, like Gecko) Chrome/57.0.2987.110 Safari/537.36]]></extraHeader>
<attribution><![CDATA[Сборник карт AnyGIS. <a href="https://anygis.ru/Web/Html/Locus">Проверить обновления</a>]]></attribution>
</provider>

</providers>