<?xml version="1.0" encoding="utf-8"?>

<!--
Map pack from AnyGIS.ru
Updated: 20-09-2019 18:20
-->




<providers>

<provider id="11015" type="0" visible="true" background="-1">
<name>Europe - Northern</name>
<mode>Norway topomap UT.no</mode>
<countries>Norway</countries>
<usage>hiking</usage>
<url><![CDATA[https://tilesprod.ut.no/tilestache/ut_topo_light/{z}/{x}/{y}.jpg]]></url>
<serverPart></serverPart>
<zoomPart>{z}-8</zoomPart>
<zoomMin>8</zoomMin>    <!-- 0 -->
<zoomMax>27</zoomMax>   <!-- 19 -->
<tileSize>256</tileSize>
<extraHeader><![CDATA[User-Agent#Mozilla/5.0 (Windows NT 10.0; Win64; x64) AppleWebKit/537.36 (KHTML, like Gecko) Chrome/57.0.2987.110 Safari/537.36]]></extraHeader>
<attribution><![CDATA[Map pack from AnyGIS.ru. <a href="https://anygis.ru/Web/Html/Changelog_ru">Check for updates</a>]]></attribution>
</provider>

</providers>