<?xml version="1.0" encoding="utf-8"?>

<!--
Комплект карт "AnyGIS" для навигатора Locus Maps.
https://nnngrach.github.io/AnyGIS_maps/Web/Html/Locus

Составитель: AnyGIS (anygis@bk.ru).
Файл обновлен: 21-08-2019 23:40

Сделан на основе наборов карт от:
- SAS.planet (http://www.sasgis.org/)
- Erelen (https://melda.ru/locus/)
- ms.Galileo-app (https://ms.galileo-app.com/)
- Custom-maps-sourse (https://custom-map-source.appspot.com/)
-->



<providers>

<provider id="13000" type="0" visible="true" background="-1">
<name>Europe - Western</name>
<mode>France Topo IGN.fr</mode>
<countries>France</countries>
<usage>hiking</usage>
<url><![CDATA[https://wxs.ign.fr/an7nvfzojv5wa96dsga5nk8w/geoportail/wmts?layer=GEOGRAPHICALGRIDSYSTEMS.MAPS.SCAN25TOUR.CV&style=normal&tilematrixset=PM&Service=WMTS&Request=GetTile&Version=1.0.0&Format=image%2Fjpeg&TileMatrix={z}&TileCol={x}&TileRow={y}]]></url>
<serverPart></serverPart>
<zoomPart>{z}-8</zoomPart>
<zoomMin>14</zoomMin>    <!-- 6 -->
<zoomMax>24</zoomMax>   <!-- 16 -->
<tileSize>256</tileSize>
<extraHeader><![CDATA[User-Agent#Mozilla/5.0 (Windows NT 10.0; Win64; x64) AppleWebKit/537.36 (KHTML, like Gecko) Chrome/57.0.2987.110 Safari/537.36]]></extraHeader>
<attribution><![CDATA[Сборник карт AnyGIS. <a href="https://nnngrach.github.io/AnyGIS_maps/Web/Html/Locus">Проверить обновления</a>]]></attribution>
</provider>

</providers>