<?xml version="1.0" encoding="utf-8"?>

<!--
Map pack from AnyGIS.ru
Updated: 18-01-2020 00:16
-->




<providers>

<provider id="13002" type="5" visible="true" background="-1">
<name>Europe - Western</name>
<mode>Great Britain Topo</mode>
<countries>GB</countries>
<usage>hiking</usage>
<cacheTimeout>720</cacheTimeout>
<url><![CDATA[https://ecn.t0.tiles.virtualearth.net/tiles/r{c}?g=6948&lbl=l1&productSet=mmOS&key=AmHj4RMhOs0a4O3uk3m144GJik4Y-SIuy1bheg8rGeLFQA3N-Gqs0fJPLRFnuJSd]]></url>
<serverPart></serverPart>
<zoomPart>{z}-8</zoomPart>
<zoomMin>8</zoomMin>    <!-- 0 -->
<zoomMax>27</zoomMax>   <!-- 19 -->
<tileSize>256</tileSize>

<extraHeader><![CDATA[User-Agent#Mozilla/5.0 (Macintosh; Intel Mac OS X 10_14_6) AppleWebKit/537.36 (KHTML, like Gecko) Chrome/77.0.3865.90 Safari/537.36]]></extraHeader>
<attribution><![CDATA[  <br> 	Map pack from AnyGIS.ru. <a href="https://anygis.ru/Web/Html/Changelog_ru">Check for updates</a>]]></attribution>
</provider>

</providers>