<?xml version="1.0" encoding="utf-8"?>

<!--
Комплект карт "AnyGIS" для навигатора Locus Maps.
http://www.anygis.ru/Web/Html/Locus

Составитель: AnyGIS (anygis@bk.ru).
Файл обновлен: 26-08-2019 22:15

Сделан на основе наборов карт от:
- SAS.planet (http://www.sasgis.org/)
- Erelen (https://melda.ru/locus/)
- ms.Galileo-app (https://ms.galileo-app.com/)
- Custom-maps-sourse (https://custom-map-source.appspot.com/)
-->



<providers>

<provider id="13002" type="5" visible="true" background="-1">
<name>Europe - Western</name>
<mode>Great Britain Topo</mode>
<countries>GB</countries>
<usage>hiking</usage>
<url><![CDATA[https://ecn.t0.tiles.virtualearth.net/tiles/r{c}?g=6948&lbl=l1&productSet=mmOS&key=AmHj4RMhOs0a4O3uk3m144GJik4Y-SIuy1bheg8rGeLFQA3N-Gqs0fJPLRFnuJSd]]></url>
<serverPart></serverPart>
<zoomPart>{z}-8</zoomPart>
<zoomMin>8</zoomMin>    <!-- 0 -->
<zoomMax>27</zoomMax>   <!-- 19 -->
<tileSize>256</tileSize>
<extraHeader><![CDATA[User-Agent#Mozilla/5.0 (Windows NT 10.0; Win64; x64) AppleWebKit/537.36 (KHTML, like Gecko) Chrome/57.0.2987.110 Safari/537.36]]></extraHeader>
<attribution><![CDATA[Сборник карт AnyGIS. <a href="http://www.anygis.ru/Web/Html/Locus">Проверить обновления</a>]]></attribution>
</provider>

</providers>