<?xml version="1.0" encoding="utf-8"?>

<!--
Map pack from AnyGIS.ru
Updated: 03-01-2020 15:21
-->




<providers>

<provider id="11021" type="0" visible="true" background="-1">
<name>Europe - Northern</name>
<mode>Topografisk Norgeskart 4 Hybrid</mode>
<countries>Norway</countries>
<usage>photo</usage>
<cacheTimeout>720</cacheTimeout>
<url><![CDATA[http://maptiles{s}.finncdn.no/tileService/1.0.3/norhybrid/{z}/{x}/{y}.png]]></url>
<serverPart>1;2;3;4</serverPart>
<zoomPart>{z}-8</zoomPart>
<zoomMin>13</zoomMin>    <!-- 5 -->
<zoomMax>29</zoomMax>   <!-- 21 -->
<tileSize>256</tileSize>

<extraHeader><![CDATA[User-Agent#Mozilla/5.0 (Macintosh; Intel Mac OS X 10_14_6) AppleWebKit/537.36 (KHTML, like Gecko) Chrome/77.0.3865.90 Safari/537.36]]></extraHeader>
<attribution><![CDATA[© Norgeskart <br> 	Map pack from AnyGIS.ru. <a href="https://anygis.ru/Web/Html/Changelog_ru">Check for updates</a>]]></attribution>
</provider>

</providers>