<?xml version="1.0" encoding="utf-8"?>

<!--
Map pack from AnyGIS.ru
Updated: 18-01-2020 00:16
-->




<providers>

<provider id="11024" type="0" visible="true" background="-1">
<name>Europe - Northern</name>
<mode>Karjalankartat.fi Topo 200m (1930)</mode>
<countries>Finland</countries>
<usage>hiking</usage>
<cacheTimeout>99999</cacheTimeout>
<url><![CDATA[https://anygis.ru/api/v1/Other_Eu_karjalankartat_fi_200m/{x}/{y}/{z}]]></url>
<serverPart></serverPart>
<zoomPart>{z}-8</zoomPart>
<zoomMin>8</zoomMin>    <!-- 0 -->
<zoomMax>26</zoomMax>   <!-- 18 -->
<tileSize>256</tileSize>

<extraHeader><![CDATA[User-Agent#Mozilla/5.0 (Macintosh; Intel Mac OS X 10_14_6) AppleWebKit/537.36 (KHTML, like Gecko) Chrome/77.0.3865.90 Safari/537.36]]></extraHeader>
<attribution><![CDATA[© Karjalankartat.fi <br> 	Map pack from AnyGIS.ru. <a href="https://anygis.ru/Web/Html/Changelog_ru">Check for updates</a>]]></attribution>
</provider>

</providers>