<?xml version="1.0" encoding="utf-8"?>

<!--
Map pack from AnyGIS.ru
Updated: 17-10-2019 22:54
-->




<providers>

<provider id="6666018" type="0" visible="true" background="-1">
<name>Global - OSM</name>
<mode>Michelin transport</mode>
<countries>World</countries>
<usage>road</usage>
<cacheTimeout>720</cacheTimeout>
<url><![CDATA[https://map{s}.viamichelin.com/map/mapdirect?map=viamichelin&z={z}&x={x}&y={y}&format=png&version=201901161110&layer=background&locale=default&cs=1&protocol=https]]></url>
<serverPart>1;2;3;4</serverPart>
<zoomPart>{z}-8</zoomPart>
<zoomMin>8</zoomMin>    <!-- 0 -->
<zoomMax>27</zoomMax>   <!-- 19 -->
<tileSize>256</tileSize>

<extraHeader><![CDATA[User-Agent#Mozilla/5.0 (Macintosh; Intel Mac OS X 10_14_6) AppleWebKit/537.36 (KHTML, like Gecko) Chrome/77.0.3865.90 Safari/537.36]]></extraHeader>
<attribution><![CDATA[© OpenStreetMap, Michelin <br> 	Map pack from AnyGIS.ru. <a href="https://anygis.ru/Web/Html/Changelog_ru">Check for updates</a>]]></attribution>
</provider>

</providers>