<?xml version="1.0" encoding="utf-8"?>

<!--
Map pack from AnyGIS.ru
Updated: 30-09-2019 23:01
-->




<providers>

<provider id="6666205" type="0" visible="true" background="-1">
<name>Global - OSM - Ways</name>
<mode>Cyclosm</mode>
<countries>World</countries>
<usage>hiking</usage>
<url><![CDATA[https://dev.{s}.tile.openstreetmap.fr/cyclosm/{z}/{x}/{y}.png]]></url>
<serverPart>a;b;c</serverPart>
<zoomPart>{z}-8</zoomPart>
<zoomMin>8</zoomMin>    <!-- 0 -->
<zoomMax>28</zoomMax>   <!-- 20 -->
<tileSize>256</tileSize>
<extraHeader><![CDATA[User-Agent#Mozilla/5.0 (Windows NT 10.0; Win64; x64) AppleWebKit/537.36 (KHTML, like Gecko) Chrome/57.0.2987.110 Safari/537.36]]></extraHeader>
<attribution><![CDATA[Map pack from AnyGIS.ru. <a href="https://anygis.ru/Web/Html/Changelog_ru">Check for updates</a>]]></attribution>
</provider>

</providers>