<?xml version="1.0" encoding="utf-8"?>

<!--
Map pack from AnyGIS.ru
Updated: 07-10-2019 00:14
-->




<providers>

<provider id="29999016" type="0" visible="false" background="-1">
<name>Global - Nautical</name>
<mode>Open Sea Map + Deep Map</mode>
<countries>World</countries>
<usage>city,hiking</usage>
<cacheTimeout>720</cacheTimeout>
<url><![CDATA[https://anygis.ru/api/v1/Osm_Mapnik_proxy/{x}/{y}/{z}]]></url>
<serverPart></serverPart>
<zoomPart>{z}-8</zoomPart>
<zoomMin>8</zoomMin>    <!-- 0 -->
<zoomMax>27</zoomMax>   <!-- 19 -->
<tileSize>256</tileSize>

<extraHeader><![CDATA[Referer#https://www.openstreetmap.org/]]></extraHeader>
<extraHeader><![CDATA[User-Agent#Mozilla/5.0 (Macintosh; Intel Mac OS X 10_14_6) AppleWebKit/605.1.15 (KHTML, like Gecko) Version/12.1.2 Safari/605.1.15]]></extraHeader>
<attribution><![CDATA[© OpenStreetMap <br> 	Map pack from AnyGIS.ru. <a href="https://anygis.ru/Web/Html/Changelog_ru">Check for updates</a>]]></attribution>
</provider>

<provider id="29999001" type="0" visible="false" background="29999016">
<name>Global - Nautical</name>
<mode>Open Sea Map + Deep Map</mode>
<countries>World</countries>
<usage>nautical</usage>
<cacheTimeout>720</cacheTimeout>
<url><![CDATA[http://osm.franken.de:8080/geoserver/gwc/service/wmts?layer=gebco_2014&style=&tilematrixset=EPSG%3A900913&Service=WMTS&Request=GetTile&Version=1.0.0&Format=image%2Fpng&TileMatrix=EPSG%3A900913%3A{z}&TileCol={x}&TileRow={y}]]></url>
<serverPart></serverPart>
<zoomPart>{z}-8</zoomPart>
<zoomMin>8</zoomMin>    <!-- 0 -->
<zoomMax>27</zoomMax>   <!-- 19 -->
<tileSize>256</tileSize>

<extraHeader><![CDATA[User-Agent#Mozilla/5.0 (Macintosh; Intel Mac OS X 10_14_6) AppleWebKit/605.1.15 (KHTML, like Gecko) Version/12.1.2 Safari/605.1.15]]></extraHeader>
<attribution><![CDATA[  <br> 	Map pack from AnyGIS.ru. <a href="https://anygis.ru/Web/Html/Changelog_ru">Check for updates</a>]]></attribution>
</provider>

<provider id="190002" type="0" visible="true" background="29999001">
<name>Global - Nautical</name>
<mode>Open Sea Map + Deep Map</mode>
<countries>World</countries>
<usage>nautical</usage>
<cacheTimeout>720</cacheTimeout>
<url><![CDATA[http://tiles.openseamap.org/seamark/{z}/{x}/{y}.png]]></url>
<serverPart></serverPart>
<zoomPart>{z}-8</zoomPart>
<zoomMin>8</zoomMin>    <!-- 0 -->
<zoomMax>27</zoomMax>   <!-- 19 -->
<tileSize>256</tileSize>

<extraHeader><![CDATA[User-Agent#Mozilla/5.0 (Macintosh; Intel Mac OS X 10_14_6) AppleWebKit/605.1.15 (KHTML, like Gecko) Version/12.1.2 Safari/605.1.15]]></extraHeader>
<attribution><![CDATA[© OpenStreetMap, OpenSeaMap <br> 	Map pack from AnyGIS.ru. <a href="https://anygis.ru/Web/Html/Changelog_ru">Check for updates</a>]]></attribution>
</provider>

</providers>