<?xml version="1.0" encoding="utf-8"?>

<!--
Комплект карт "AnyGIS" для навигатора Locus Maps.
http://anygis.ru/Web/Html/Locus

Составитель: AnyGIS (anygis@bk.ru).
Файл обновлен: 27-08-2019 02:27

Сделан на основе наборов карт от:
- SAS.planet (http://www.sasgis.org/)
- Erelen (https://melda.ru/locus/)
- ms.Galileo-app (https://ms.galileo-app.com/)
- Custom-maps-sourse (https://custom-map-source.appspot.com/)
-->



<providers>

<provider id="468333" type="1" visible="true" background="-1">
<name>Global - Satellites</name>
<mode>Maxar Standard Imagery</mode>
<countries>World</countries>
<usage>photo</usage>
<url><![CDATA[https://earthwatch.digitalglobe.com/earthservice/tmsaccess/tms/1.0.0/DigitalGlobe:ImageryTileService@EPSG:3857@jpg/{z}/{x}/{y}.jpg?connectId=d9c5e3ef-6300-4cec-9562-c1f27da6b2d9 ]]></url>
<serverPart></serverPart>
<zoomPart>{z}-8</zoomPart>
<zoomMin>8</zoomMin>    <!-- 0 -->
<zoomMax>30</zoomMax>   <!-- 22 -->
<tileSize>256</tileSize>
<extraHeader><![CDATA[User-Agent#Mozilla/5.0 (Windows NT 10.0; Win64; x64) AppleWebKit/537.36 (KHTML, like Gecko) Chrome/57.0.2987.110 Safari/537.36]]></extraHeader>
<attribution><![CDATA[Сборник карт AnyGIS. <a href="http://anygis.ru/Web/Html/Locus">Проверить обновления</a>]]></attribution>
</provider>

</providers>