<?xml version="1.0" encoding="utf-8"?>

<!--
Map pack from AnyGIS.ru
Updated: 03-09-2019 17:05
-->




<providers>

<provider id="139999045" type="0" visible="false" background="-1">
<name>Global - OSM - Ways</name>
<mode>Strava Heatmap - Water</mode>
<countries>World</countries>
<usage>city</usage>
<url><![CDATA[https://{s}.tiles.mapbox.com/v4/mapquest.dark-mb/{z}/{x}/{y}@2x.png?access_token=pk.eyJ1IjoibWFwcXVlc3QiLCJhIjoiY2Q2N2RlMmNhY2NiZTRkMzlmZjJmZDk0NWU0ZGJlNTMifQ.mPRiEubbajc6a5y9ISgydg]]></url>
<serverPart>a;b;c</serverPart>
<zoomPart>{z}-8</zoomPart>
<zoomMin>8</zoomMin>    <!-- 0 -->
<zoomMax>27</zoomMax>   <!-- 19 -->
<tileSize>256</tileSize>
<extraHeader><![CDATA[User-Agent#Mozilla/5.0 (Windows NT 10.0; Win64; x64) AppleWebKit/537.36 (KHTML, like Gecko) Chrome/57.0.2987.110 Safari/537.36]]></extraHeader>
<attribution><![CDATA[Сборник карт AnyGIS. <a href="https://anygis.ru/Web/Html/Locus">Проверить обновления</a>]]></attribution>
</provider>

<provider id="6666013" type="0" visible="true" background="139999045">
<name>Global - OSM - Ways</name>
<mode>Strava Heatmap - Water</mode>
<countries>World</countries>
<usage>nautical</usage>
<url><![CDATA[https://anygis.ru/server/Tracks_Strava_Water_HD/{x}/{y}/{z}?locusScale={ts}]]></url>
<serverPart></serverPart>
<zoomPart>{z}-8</zoomPart>
<zoomMin>8</zoomMin>    <!-- 0 -->
<zoomMax>23</zoomMax>   <!-- 15 -->
<tileSize>256</tileSize>
<tileScale dpi="0" multi="2.0" replace="19" />
<extraHeader><![CDATA[Referer#https://www.strava.com/heatmap]]></extraHeader>
<extraHeader><![CDATA[User-Agent#Mozilla/5.0 (Windows NT 10.0; Win64; x64) AppleWebKit/537.36 (KHTML, like Gecko) Chrome/57.0.2987.110 Safari/537.36]]></extraHeader>
<attribution><![CDATA[Сборник карт AnyGIS. <a href="https://anygis.ru/Web/Html/Locus">Проверить обновления</a>]]></attribution>
</provider>

</providers>