<?xml version="1.0" encoding="utf-8"?>

<!--
Map pack from AnyGIS.ru
Updated: 20-09-2019 18:20
-->




<providers>

<provider id="5555011" type="0" visible="true" background="-1">
<name>Eurasia - Hystoric</name>
<mode>Caucasus 1926</mode>
<countries>Russia</countries>
<usage>hiking</usage>
<url><![CDATA[https://anygis.ru/api/v1/Historic_Kavkaz_1926/{x}/{y}/{z}]]></url>
<serverPart></serverPart>
<zoomPart>{z}-8</zoomPart>
<zoomMin>8</zoomMin>    <!-- 0 -->
<zoomMax>23</zoomMax>   <!-- 15 -->
<tileSize>256</tileSize>
<extraHeader><![CDATA[Referer#https://anygis.ru/]]></extraHeader>
<extraHeader><![CDATA[User-Agent#Mozilla/5.0 (Windows NT 10.0; Win64; x64) AppleWebKit/537.36 (KHTML, like Gecko) Chrome/57.0.2987.110 Safari/537.36]]></extraHeader>
<attribution><![CDATA[Map pack from AnyGIS.ru. <a href="https://anygis.ru/Web/Html/Changelog_ru">Check for updates</a>]]></attribution>
</provider>

</providers>