<?xml version="1.0" encoding="utf-8"?>

<!--
Комплект карт "AnyGIS" для навигатора Locus Maps.
http://www.anygis.ru/Web/Html/Locus

Составитель: AnyGIS (anygis@bk.ru).
Файл обновлен: 26-08-2019 22:15

Сделан на основе наборов карт от:
- SAS.planet (http://www.sasgis.org/)
- Erelen (https://melda.ru/locus/)
- ms.Galileo-app (https://ms.galileo-app.com/)
- Custom-maps-sourse (https://custom-map-source.appspot.com/)
-->



<providers>

<provider id="5555017" type="0" visible="true" background="-1">
<name>Eurasia - Hystoric</name>
<mode>European Russia - Shubert</mode>
<countries>Russia</countries>
<usage>city</usage>
<url><![CDATA[http://boxpis.ru/sas/SVG_3v_all/z{z}/{y}/{x}.jpg]]></url>
<serverPart></serverPart>
<zoomPart>{z}-8</zoomPart>
<zoomMin>8</zoomMin>    <!-- 0 -->
<zoomMax>22</zoomMax>   <!-- 14 -->
<tileSize>256</tileSize>
<extraHeader><![CDATA[Referer#http://boxpis.ru/]]></extraHeader>
<extraHeader><![CDATA[User-Agent#Mozilla/5.0 (Windows NT 10.0; Win64; x64) AppleWebKit/537.36 (KHTML, like Gecko) Chrome/57.0.2987.110 Safari/537.36]]></extraHeader>
<attribution><![CDATA[Сборник карт AnyGIS. <a href="http://www.anygis.ru/Web/Html/Locus">Проверить обновления</a>]]></attribution>
</provider>

</providers>