<?xml version="1.0" encoding="utf-8"?>

<!--
Map pack from AnyGIS.ru
Updated: 07-10-2019 00:14
-->




<providers>

<provider id="5555007" type="0" visible="true" background="-1">
<name>Eurasia - Hystoric</name>
<mode>Kuban Stralbitsky 1918</mode>
<countries>Russia</countries>
<usage>hiking</usage>
<cacheTimeout>99999</cacheTimeout>
<url><![CDATA[https://anygis.ru/api/v1/Historic_Kuban_1918/{x}/{y}/{z}]]></url>
<serverPart></serverPart>
<zoomPart>{z}-8</zoomPart>
<zoomMin>8</zoomMin>    <!-- 0 -->
<zoomMax>22</zoomMax>   <!-- 14 -->
<tileSize>256</tileSize>

<extraHeader><![CDATA[Referer#https://anygis.ru/]]></extraHeader>
<extraHeader><![CDATA[User-Agent#Mozilla/5.0 (Macintosh; Intel Mac OS X 10_14_6) AppleWebKit/605.1.15 (KHTML, like Gecko) Version/12.1.2 Safari/605.1.15]]></extraHeader>
<attribution><![CDATA[  <br> 	Map pack from AnyGIS.ru. <a href="https://anygis.ru/Web/Html/Changelog_ru">Check for updates</a>]]></attribution>
</provider>

</providers>