<?xml version="1.0" encoding="utf-8"?>

<!--
Map pack from AnyGIS.ru
Updated: 03-11-2019 22:51
-->




<providers>

<provider id="5555022" type="0" visible="true" background="-1">
<name>Eurasia - Hystoric</name>
<mode>Belarus 3 verstovaya</mode>
<countries>Belarus</countries>
<usage>city</usage>
<cacheTimeout>99999</cacheTimeout>
<url><![CDATA[https://globus.tut.by/.tiles/3v/Z{z}/{y}/{x}.jpg]]></url>
<serverPart></serverPart>
<zoomPart>{z}-8</zoomPart>
<zoomMin>18</zoomMin>    <!-- 10 -->
<zoomMax>22</zoomMax>   <!-- 14 -->
<tileSize>256</tileSize>

<extraHeader><![CDATA[User-Agent#Mozilla/5.0 (Macintosh; Intel Mac OS X 10_14_6) AppleWebKit/537.36 (KHTML, like Gecko) Chrome/77.0.3865.90 Safari/537.36]]></extraHeader>
<attribution><![CDATA[  <br> 	Map pack from AnyGIS.ru. <a href="https://anygis.ru/Web/Html/Changelog_ru">Check for updates</a>]]></attribution>
</provider>

</providers>