<?xml version="1.0" encoding="utf-8"?>

<!--
Map pack from AnyGIS.ru
Updated: 31-01-2020 16:09
-->




<providers>

<provider id="8888061" type="0" visible="true" background="-1">
<name>Overlay - Nautical</name>
<mode>Garmin Quickdraw - MarineImages</mode>
<countries>World</countries>
<usage>overlay</usage>
<cacheTimeout>0</cacheTimeout>
<url><![CDATA[https://downloadqdc.garmin.com/GCSProxyServlet/MarineImages/{c}.png]]></url>
<serverPart></serverPart>
<zoomPart>{z}-8</zoomPart>
<zoomMin>10</zoomMin>    <!-- 2 -->
<zoomMax>28</zoomMax>   <!-- 20 -->
<tileSize>256</tileSize>

<extraHeader><![CDATA[Referer#https://connect.garmin.com/ru-RU/start/quickdraw]]></extraHeader>
<extraHeader><![CDATA[User-Agent#Mozilla/5.0 (Macintosh; Intel Mac OS X 10_14_6) AppleWebKit/537.36 (KHTML, like Gecko) Chrome/77.0.3865.90 Safari/537.36]]></extraHeader>
<attribution><![CDATA[© Garmin <br> 	Map pack from AnyGIS.ru. <a href="https://anygis.ru/Web/Html/Changelog_ru">Check for updates</a>]]></attribution>
</provider>

</providers>