<?xml version="1.0" encoding="utf-8"?>

<!--
Map pack from AnyGIS.ru
Updated: 03-01-2020 15:21
-->




<providers>

<provider id="8888070" type="2" visible="true" background="-1">
<name>Overlay - Traffic</name>
<mode>Yandex - Directions</mode>
<countries>World</countries>
<usage>overlay</usage>
<cacheTimeout>2160</cacheTimeout>
<url><![CDATA[https://core-gpstiles.maps.yandex.net/tiles?style=red_combined&x={x}&y={y}&z={z}]]></url>
<serverPart></serverPart>
<zoomPart>{z}-8</zoomPart>
<zoomMin>8</zoomMin>    <!-- 0 -->
<zoomMax>25</zoomMax>   <!-- 17 -->
<tileSize>256</tileSize>

<extraHeader><![CDATA[Referer#https://n.maps.yandex.ru/]]></extraHeader>
<extraHeader><![CDATA[User-Agent#Mozilla/5.0 (Macintosh; Intel Mac OS X 10_14_6) AppleWebKit/537.36 (KHTML, like Gecko) Chrome/77.0.3865.90 Safari/537.36]]></extraHeader>
<attribution><![CDATA[© Яндекс <br> 	Map pack from AnyGIS.ru. <a href="https://anygis.ru/Web/Html/Changelog_ru">Check for updates</a>]]></attribution>
</provider>

</providers>