<?xml version="1.0" encoding="utf-8"?>

<!--
Map pack from AnyGIS.ru
Updated: 16-01-2020 21:55
-->




<providers>

<provider id="8888015" type="2" visible="true" background="-1">
<name>Overlay - Traffic</name>
<mode>Yandex</mode>
<countries>World</countries>
<usage>overlay</usage>
<cacheTimeout>0</cacheTimeout>
<url><![CDATA[https://anygis.ru/api/v1/Yandex_traffic_layer_WGS84_proxy/{x}/{y}/{z}?locusScale={ts}]]></url>
<serverPart></serverPart>
<zoomPart>{z}-8</zoomPart>
<zoomMin>8</zoomMin>    <!-- 0 -->
<zoomMax>27</zoomMax>   <!-- 19 -->
<tileSize>256</tileSize>
<tileScales>
    <tileScale dpi="0" multi="1" replace="1" />
    <tileScale dpi="320" multi="2" replace="2" />
</tileScales>
<extraHeader><![CDATA[Referer#https://yandex.ru/maps/]]></extraHeader>
<extraHeader><![CDATA[User-Agent#Mozilla/5.0 (Macintosh; Intel Mac OS X 10_14_6) AppleWebKit/537.36 (KHTML, like Gecko) Chrome/77.0.3865.90 Safari/537.36]]></extraHeader>
<attribution><![CDATA[© Яндекс <br> 	Map pack from AnyGIS.ru. <a href="https://anygis.ru/Web/Html/Changelog_ru">Check for updates</a>]]></attribution>
</provider>

</providers>