<?xml version="1.0" encoding="utf-8"?>

<!--
Map pack from AnyGIS.ru
Updated: 03-01-2020 16:07
-->




<providers>

<provider id="8888029" type="0" visible="true" background="-1">
<name>Overlay - Labels & Ways</name>
<mode>Wigle.net - Wi-fi location</mode>
<countries>World</countries>
<usage>overlay</usage>
<cacheTimeout>720</cacheTimeout>
<url><![CDATA[http://wigle.net/tile?tileX={x}&tileY={y}&tileZoom={z}&coloring=density]]></url>
<serverPart></serverPart>
<zoomPart>{z}-8</zoomPart>
<zoomMin>8</zoomMin>    <!-- 0 -->
<zoomMax>27</zoomMax>   <!-- 19 -->
<tileSize>256</tileSize>

<extraHeader><![CDATA[Referer#https://wigle.net]]></extraHeader>
<extraHeader><![CDATA[User-Agent#Mozilla/5.0 (Macintosh; Intel Mac OS X 10_14_6) AppleWebKit/537.36 (KHTML, like Gecko) Chrome/77.0.3865.90 Safari/537.36]]></extraHeader>
<attribution><![CDATA[© Wigle.net <br> 	Map pack from AnyGIS.ru. <a href="https://anygis.ru/Web/Html/Changelog_ru">Check for updates</a>]]></attribution>
</provider>

</providers>