<?xml version="1.0" encoding="utf-8"?>

<!--
Map pack from AnyGIS.ru
Updated: 20-09-2019 17:06
-->




<providers>

<provider id="8888053" type="0" visible="true" background="-1">
<name>Overlay</name>
<mode>Hillshade Slope map</mode>
<countries>World</countries>
<usage>overlay</usage>
<url><![CDATA[https://anygis.ru/api/v1/Hillshade_VotEtoVid/{x}/{y}/{z}]]></url>
<serverPart></serverPart>
<zoomPart>{z}-8</zoomPart>
<zoomMin>8</zoomMin>    <!-- 0 -->
<zoomMax>21</zoomMax>   <!-- 13 -->
<tileSize>256</tileSize>
<extraHeader><![CDATA[Referer#http://votetovid.ru]]></extraHeader>
<extraHeader><![CDATA[User-Agent#Mozilla/5.0 (Windows NT 10.0; Win64; x64) AppleWebKit/537.36 (KHTML, like Gecko) Chrome/57.0.2987.110 Safari/537.36]]></extraHeader>
<attribution><![CDATA[Map pack from AnyGIS.ru. <a href="https://anygis.ru/Web/Html/Changelog_ru">Check for updates</a>]]></attribution>
</provider>

</providers>