<?xml version="1.0" encoding="utf-8"?>

<!--
Map pack from AnyGIS.ru
Updated: 15-10-2019 00:27
-->




<providers>

<provider id="8888071" type="5" visible="true" background="-1">
<name>Overlay - Traffic</name>
<mode>Bing Traffic</mode>
<countries>World</countries>
<usage>overlay</usage>
<cacheTimeout>0</cacheTimeout>
<url><![CDATA[http://t0-traffic.tiles.virtualearth.net/comp/ch/{c}?it=Z,TF&n=z&key=AsJ0iq1Xwy4D_2XMs--j7iYkFGQmPTBj0yClUYLncOmDeuyCc0FNhocTT4D2Guqe&tc=9875692]]></url>
<serverPart>1;2;3</serverPart>
<zoomPart>{z}-8</zoomPart>
<zoomMin>8</zoomMin>    <!-- 0 -->
<zoomMax>27</zoomMax>   <!-- 19 -->
<tileSize>256</tileSize>

<extraHeader><![CDATA[Referer#https://www.bing.com/maps]]></extraHeader>
<extraHeader><![CDATA[User-Agent#Mozilla/5.0 (Macintosh; Intel Mac OS X 10_14_6) AppleWebKit/537.36 (KHTML, like Gecko) Chrome/77.0.3865.90 Safari/537.36]]></extraHeader>
<attribution><![CDATA[© Bing <br> 	Map pack from AnyGIS.ru. <a href="https://anygis.ru/Web/Html/Changelog_ru">Check for updates</a>]]></attribution>
</provider>

</providers>