<?xml version="1.0" encoding="utf-8"?>

<!--
Map pack from AnyGIS.ru
Updated: 30-09-2019 23:01
-->




<providers>

<provider id="8888060" type="0" visible="true" background="-1">
<name>Overlay</name>
<mode>OpenSeaMap Deep Map</mode>
<countries>World</countries>
<usage>overlay</usage>
<url><![CDATA[http://osm.franken.de:8080/geoserver/gwc/service/wmts?layer=gebco_2014&style=&tilematrixset=EPSG%3A900913&Service=WMTS&Request=GetTile&Version=1.0.0&Format=image%2Fpng&TileMatrix=EPSG%3A900913%3A{z}&TileCol={x}&TileRow={y}]]></url>
<serverPart></serverPart>
<zoomPart>{z}-8</zoomPart>
<zoomMin>8</zoomMin>    <!-- 0 -->
<zoomMax>27</zoomMax>   <!-- 19 -->
<tileSize>256</tileSize>
<extraHeader><![CDATA[User-Agent#Mozilla/5.0 (Windows NT 10.0; Win64; x64) AppleWebKit/537.36 (KHTML, like Gecko) Chrome/57.0.2987.110 Safari/537.36]]></extraHeader>
<attribution><![CDATA[Map pack from AnyGIS.ru. <a href="https://anygis.ru/Web/Html/Changelog_ru">Check for updates</a>]]></attribution>
</provider>

</providers>