<?xml version="1.0" encoding="utf-8"?>

<!--
Map pack from AnyGIS.ru
Updated: 17-01-2020 23:14
-->




<providers>

<provider id="8888662" type="0" visible="true" background="-1">
<name>Overlay - Labels & Ways</name>
<mode>OpenFireMap</mode>
<countries>World</countries>
<usage>overlay</usage>
<cacheTimeout>720</cacheTimeout>
<url><![CDATA[http://openfiremap.org/hytiles/{z}/{x}/{y}.png]]></url>
<serverPart></serverPart>
<zoomPart>{z}-8</zoomPart>
<zoomMin>19</zoomMin>    <!-- 11 -->
<zoomMax>25</zoomMax>   <!-- 17 -->
<tileSize>256</tileSize>

<extraHeader><![CDATA[User-Agent#Mozilla/5.0 (Macintosh; Intel Mac OS X 10_14_6) AppleWebKit/537.36 (KHTML, like Gecko) Chrome/77.0.3865.90 Safari/537.36]]></extraHeader>
<attribution><![CDATA[© OpenFireMap <br> 	Map pack from AnyGIS.ru. <a href="https://anygis.ru/Web/Html/Changelog_ru">Check for updates</a>]]></attribution>
</provider>

</providers>