<?xml version="1.0" encoding="utf-8"?>

<!--
Map pack from AnyGIS.ru
Updated: 14-09-2019 16:25
-->




<providers>

<provider id="20401" type="0" visible="true" background="-1">
<name>USA</name>
<mode>USGS National Map - Satellite</mode>
<countries>USA</countries>
<usage>photo</usage>
<url><![CDATA[http://basemap.nationalmap.gov/ArcGIS/rest/services/USGSImageryOnly/MapServer/tile/{z}/{y}/{x}]]></url>
<serverPart></serverPart>
<zoomPart>{z}-8</zoomPart>
<zoomMin>8</zoomMin>    <!-- 0 -->
<zoomMax>23</zoomMax>   <!-- 15 -->
<tileSize>256</tileSize>
<extraHeader><![CDATA[User-Agent#Mozilla/5.0 (Windows NT 10.0; Win64; x64) AppleWebKit/537.36 (KHTML, like Gecko) Chrome/57.0.2987.110 Safari/537.36]]></extraHeader>
<attribution><![CDATA[Map pack from AnyGIS.r. <a href="https://anygis.ru/Web/Html/Changelog_ru">Check for updates</a>]]></attribution>
</provider>

</providers>